DoD,DoD_name,LoD (m),LoD(95%)
B_AR2-BR2,DoD_1cm_clip_5fill-align-4,0.002236068,0.004382693
B_AR3-BR3,DoD_1cm_clip_6fill_align-clip_5fill_align,0.003088812,0.006054072
EW_AR1-BR1,DoD_1cm_clip_11-10,0.004242641,0.008315576
EW_AR2-BR2,DoD_1cm_clip_13-12,0.005830952,0.011428666
EW_AR3-BR3,DoD_1cm_clip_15-14,0.003605551,0.00706688
EW_AR4-BR4,DoD_1cm_clip_17-16,0.003244245,0.00635872
EW+M_AR1-BR1,DoD_1cm_clip_21-20,0.005830952,0.011428666
EW+M_AR2-BR2,DoD_1cm_clip_23-22,0.003201562,0.006275062
EW+M_AR3-BR3,DoD_1cm_clip_25-24,0.003605551,0.00706688
