"chunk_n	 Run	 raster_name"
"3	B_BR2	Rough_1cm_Detrended_clip_3fill"
"4	B_AR2	Rough_1cm_Detrended_clip_4_masked_fill"
"5	B_BR3	Rough_1cm_Detrended_clip_5fill-align"
"6	B_AR3	Rough_1cm_Detrended_clip_6fill-align"
"10	EW_BR1	Rough_1cm_Detrended_clip_10align"
"11	EW_AR1	Rough_1cm_Detrended_clip_11"
"12	EW_BR2	Rough_1cm_Detrended_clip_12"
"13	EW_AR2	Rough_1cm_Detrended_clip_13"
"14	EW_BR3	Rough_1cm_Detrended_clip_14"
"15	EW_AR3	Rough_1cm_Detrended_clip_15"
"16	EW_BR4	Rough_1cm_Detrended_clip_16_masked"
"17	EW_AR4	Rough_1cm_Detrended_clip_17"
"20	M_BR1	Rough_1cm_Detrended_clip_20"
"21	M_AR1	Rough_1cm_Detrended_clip_21"
"22	M_BR2	Rough_1cm_Detrended_clip_22"
"23	M_AR2	Rough_1cm_Detrended_clip_23"
"24	M_BR3	Rough_1cm_Detrended_clip_24"
"25	M_AR3	Rough_1cm_Detrended_clip_25"
