row_id,sum_roughness (m),mean_surf_change_row (m)
1,0.18467335402965546,0.004396984619753701
2,0.16253799200057983,0.003869952190489996
3,0.16612203419208527,0.003955286528382983
4,0.14643162488937378,0.003486467259270804
5,0.1197948008775711,0.002852257163751693
6,0.12409394979476929,0.002954617852256412
7,0.13787509500980377,0.00328274035737628
8,0.13153626024723053,0.0031318157201721555
9,0.16377855837345123,0.0038994894850821723
10,0.17977149784564972,0.004280273758229755
11,0.21817010641098022,0.005194526343118577
12,0.1987466961145401,0.0047320641932033355
13,0.17255625128746033,0.00410848217351096
14,0.15780231356620789,0.0037571979420525686
15,0.13521814346313477,0.0032194796062651135
16,0.13247545063495636,0.0031541773960703894
17,0.1415729820728302,0.003370785287448338
18,0.12848271429538727,0.0030591122451282685
19,0.15502715110778809,0.003691122645423526
20,0.15605641901493073,0.0037156290241650175
21,0.15519754588603973,0.003695179663953327
22,0.16849114000797272,0.004011693809713636
23,0.17128869891166687,0.0040783023550396875
24,0.18249931931495667,0.004345221888451349
25,0.182432621717453,0.004343633850415547
26,0.17959623038768768,0.004276100723516373
27,0.19961407780647278,0.004752716138249352
28,0.19399666786193848,0.004618968282427106
29,0.16882260143756866,0.004019585748513539
30,0.1419765055179596,0.0033803929885228476
31,0.12922677397727966,0.003076827951839992
32,0.11571617424488068,0.0027551470058304922
33,0.11635451018810272,0.0027703454806691126
34,0.08757191896438599,0.002085045689628238
35,0.08897793292999268,0.0021185222126188733
36,0.11324132978916168,0.002696222137837183
37,0.12847770750522614,0.0030589930358387177
38,0.14782239496707916,0.0035195808325495037
39,0.15532666444778442,0.0036982539154234387
40,0.13527821004390717,0.0032209097629501706
41,0.12250013649463654,0.002916669916538965
42,0.12525787949562073,0.002982330464181446
43,0.1222887635231018,0.002911637226740519
44,0.12419377267360687,0.0029569945874668305
45,0.1072816401720047,0.002554324766000112
46,0.0946551114320755,0.002253693129335131
47,0.10731656849384308,0.0025551563927105497
48,0.12578026950359344,0.0029947683215141296
49,0.14343981444835663,0.0034152336773418243
50,0.1451881229877472,0.0034568600711368377
51,0.18235811591148376,0.004341859902654376
52,0.18505045771598816,0.004405963278952099
53,0.20407940447330475,0.004859033439840589
54,0.2153414934873581,0.005127178416365669
55,0.2265833467245102,0.005394841588678814
56,0.2559838593006134,0.006094853792871747
57,0.2583659887313843,0.006151571160271054
58,0.2430182546377182,0.005786148919945671
59,0.2185569703578949,0.005203737389473688
60,0.1707717627286911,0.004065994350683121
61,0.17055249214172363,0.004060773622421991
62,0.16101901233196259,0.003833786007903871
63,0.1581357717514038,0.0037651374226524716
64,0.13617904484272003,0.003242358210540953
65,0.12953582406044006,0.003084186287153335
66,0.1188439279794693,0.002829617332844507
67,0.11357511579990387,0.002704169423807235
68,0.11162814497947693,0.0026578129757018317
69,0.10758936405181885,0.002561651525043306
70,0.12207573652267456,0.002906565155301775
71,0.13687780499458313,0.003258995357013884
72,0.12178164720535278,0.0028995630286988757
73,0.11693541705608368,0.002784176596573421
74,0.11165738105773926,0.0026585090728033158
75,0.10595777630805969,0.002522804197810945
76,0.09462705254554749,0.0022530250606082733
77,0.10819755494594574,0.0025761322606177557
78,0.1169125884771347,0.0027836330589793975
79,0.1275862753391266,0.003037768460455395
80,0.12707293033599854,0.0030255459603809173
81,0.16294631361961365,0.003879674133800325
82,0.1643814593553543,0.0039138442703655785
83,0.16185857355594635,0.0038537755608558655
84,0.1613398641347885,0.0038414253365425836
85,0.15218287706375122,0.0036234018348512195
86,0.14601142704486847,0.0034764625486873443
87,0.1413191854953766,0.003364742511794681
88,0.12231513857841492,0.0029122652042479743
89,0.1338225156068802,0.0031862503715923856
90,0.16746370494365692,0.00398723107008707
91,0.16616714000701904,0.0039563604763575965
92,0.154238760471344,0.0036723514397939048
93,0.1704825460910797,0.004059108240263802
94,0.1699615716934204,0.004046704087938581
95,0.19629698991775513,0.004673737855184646
96,0.18705476820468903,0.004453684957254501
97,0.19393698871135712,0.004617547350270408
98,0.19491100311279297,0.004640738169352214
99,0.22127138078212738,0.005268366209098271
100,0.25266170501708984,0.006015754881359282
101,0.25157587230205536,0.0059899017214775085
102,0.2657864987850189,0.006328249971071879
103,0.21998581290245056,0.0052377574500583465
104,0.17857417464256287,0.0042517660629181634
105,0.14440400898456573,0.003438190690108708
106,0.15124563872814178,0.0036010866363843284
107,0.15715324878692627,0.0037417440187363397
108,0.17746910452842712,0.004225454869724456
109,0.22666822373867035,0.005396862469968342
110,0.22188900411128998,0.005283071526459285
111,0.21886277198791504,0.0052110183806646435
112,0.22782650589942932,0.005424440616653079
113,0.23639313876628876,0.005628408065864018
114,0.23300032317638397,0.005547626742294857
115,0.224362313747406,0.005341959851128715
116,0.26055948436260223,0.006203797246728625
117,0.2614922970533371,0.006226007072698502
118,0.24563883244991302,0.005848543629759834
119,0.20648497343063354,0.00491630889120556
120,0.16769134998321533,0.003992651190076556
121,0.16551896929740906,0.003940927840414501
122,0.19517265260219574,0.004646967919099899
123,0.20650702714920044,0.004916833979742867
124,0.20998235046863556,0.0049995797730627515
125,0.2058303952217102,0.004900723695755005
126,0.24447140097618103,0.005820747642290024
127,0.24599897861480713,0.005857118538447789
128,0.2795364707708359,0.006655630256448474
129,0.24633628129959106,0.005865149554752168
130,0.2564081847667694,0.006104956780161176
131,0.24463799595832825,0.005824714189484006
132,0.22031164169311523,0.0052455152784075055
133,0.22359341382980347,0.005323652710233416
134,0.21264104545116425,0.0050628820345515295
135,0.2551480531692505,0.0060749536468869166
136,0.2542615532875061,0.006053846506845383
137,0.21817036718130112,0.005194532551935741
138,0.2153913900256157,0.005128366429181326
139,0.21147210150957108,0.005035050035942169
140,0.20225296914577484,0.00481554688442321
141,0.2111692726612091,0.005027839825266884
142,0.21958394348621368,0.005228189130624135
143,0.22047296911478043,0.0052493564074947725
144,0.20246916264295578,0.004820694348641804
145,0.21673163771629333,0.005160277088483174
146,0.19111691415309906,0.00455040271793093
147,0.15254703909158707,0.0036320723593235016
148,0.1383247897028923,0.003293447373878388
149,0.1240265965461731,0.002953014203480312
150,0.10683536529541016,0.0025436991737002417
151,0.11450027674436569,0.0027261970653420405
152,0.12850356101989746,0.003059608595711844
153,0.1315087229013443,0.003131160069079626
154,0.1306854784488678,0.0031115590106873285
155,0.12859466671943665,0.003061777779034206
156,0.12840908020734787,0.003057359052555902
157,0.12064795941114426,0.0028725704621701013
158,0.127318874001503,0.0030314017619405475
159,0.14283207058906555,0.0034007635854539416
160,0.13650372624397278,0.00325008872009459
161,0.14341428130865097,0.0034146257454440707
162,0.1680193766951561,0.004000461349884669
163,0.1823611930012703,0.0043419331666969116
164,0.22158755362033844,0.005275894133817582
165,0.22307231277227402,0.005311245542197
166,0.21506646275520325,0.005120630065600078
167,0.18399906158447266,0.00438093003772554
168,0.1645861193537712,0.003918717127470743
169,0.1604553535580635,0.003820365560906274
170,0.19218400120735168,0.004575809552555992
171,0.18381861597299576,0.004376633713642756
172,0.17649472504854202,0.004202255358298619
173,0.1785091608762741,0.0042502181161017645
174,0.15557338297367096,0.003704128166039785
175,0.12647996097803116,0.0030114276423340754
176,0.11068884283304214,0.002635448638881956
177,0.1156965121626854,0.002754678861016319
178,0.11134979873895645,0.002651185684260868
179,0.10510075092315674,0.002502398831503732
180,0.12825313955545425,0.003053646179891768
181,0.1222391352057457,0.0029104556001368024
182,0.11481896042823792,0.0027337847721009027
183,0.12857095152139664,0.0030612131314618246
184,0.1327514946460724,0.003160749872525533
185,0.14579672366380692,0.0034713505634239744
186,0.1517377346754074,0.0036128032065573194
187,0.1528211086988449,0.003638597826162974
188,0.17041927576065063,0.004057601803825015
189,0.23644205182790756,0.005629572662569228
