point n,x,x(m),x=-1(m),y,y(m),z,z(0=1(m))
1,30,0.3,-0.3,180,1.8,0.56,0.44
2,30,0.3,-0.3,160,1.6,0.543,0.457
3,22,0.22,-0.22,143,1.43,0.495,0.505
4,51.6,0.516,-0.516,151,1.51,0.509,0.491
5,50.5,0.505,-0.505,118.5,1.185,0.464,0.536
6,19.4,0.194,-0.194,118.5,1.185,0.481,0.519
7,19.4,0.194,-0.194,77,0.77,0.464,0.536
8,50.6,0.506,-0.506,66.5,0.665,0.472,0.528
9,32.5,0.325,-0.325,46,0.46,0.409,0.591
S1,,,-0.064,,1.593,,0.672
S2,,,-0.589,,1.593,,0.675
S3,,,-0.067,,0.699,,0.765
S4,,,-0.587,,0.719,,0.767
S5,,,-0.588,,0.095,,0.832
S6,,,-0.33,,0.092,,0.833
S7,,,-0.071,,0.09,,0.83
