point n,x,x(m),x=-1(m),y,y(m),z,z(0=1)(m),,,
 17-1,31.9,0.319,-0.319,196.9,1.969,0.539,0.461,,,
 17-2,31.9,0.319,-0.319,16,0.16,0.511,0.489,,,
 17-3,11.5,0.115,-0.115,151,1.51,0.49,0.51,,,
 17-4,51.9,0.519,-0.519,151,1.51,0.494,0.506,,,
 17-5,50.7,0.507,-0.507,118.5,1.185,0.456,0.544,,,
 17-6,12.3,0.123,-0.123,118.5,1.185,0.457,0.543,,,
 17-7,12.3,0.123,-0.123,77,0.77,0.417,0.583,,,
 17-8,51.4,0.514,-0.514,77,0.77,0.42,0.58,,,
 17-9,35.5,0.355,-0.355,41.5,0.415,0.377,0.623,,,
 17-10,26.4,0.264,-0.264,24.2,0.242,0.366,0.634,,,
S1,,,-0.064,,1.593,,0.672,,,
S2,,,-0.589,,1.593,,0.675,,,
S3,,,-0.067,,0.699,,0.765,,,
S4,,,-0.587,,0.719,,0.767,,,
S5,,,-0.588,,0.095,,0.832,,, 
S6,,,-0.33,,0.092,,0.833,,,
S7,,,-0.071,,0.09,,0.83,,,
