point n,x,x(m),x=-1(m),y,y(m),z,z(1=0)
1,33,0.33,-0.33,198,1.98,0.541,0.459
2,31.8,0.318,-0.318,160,1.6,0.51,0.49
3,11.5,0.115,-0.115,151,1.51,0.493,0.507
4,51.9,0.519,-0.519,151,1.51,0.491,0.509
5,50.7,0.507,-0.507,118.5,1.185,0.456,0.544
6,12.3,0.123,-0.123,118.5,1.185,0.459,0.541
7,12.3,0.123,-0.123,77,0.77,0.421,0.579
8,51.4,0.514,-0.514,65.5,0.655,0.4,0.6
9,35.1,0.351,-0.351,42,0.42,0.382,0.618
10,33,0.33,-0.33,9.2,0.092,0.167,0.833
S1,,,-0.064,,1.593,,0.672
S2,,,-0.589,,1.593,,0.675
S3,,,-0.067,,0.699,,0.765
S4,,,-0.587,,0.719,,0.767
S5,,,-0.588,,0.095,,0.832
S6,,,-0.33,,0.092,,0.833
S7,,,-0.071,,0.09,,0.83
