point n,x,x(m),x=-1(m),y,y(m),z,z(0=1)(m)
1,30,0.3,-0.3,180,1.8,0.535,0.465
2,30,0.3,-0.3,160,1.6,0.516,0.484
3,11.5,0.115,-0.115,151,1.51,0.495,0.505
4,51.9,0.519,-0.519,151,1.51,0.494,0.506
5,50.7,0.507,-0.507,118.5,1.185,0.461,0.539
6,12.3,0.123,-0.123,118.5,1.185,0.461,0.539
7,12.3,0.123,-0.123,77,0.77,0.442,0.558
8,51.4,0.514,-0.514,65.5,0.655,0.421,0.579
9,35.1,0.351,-0.351,42,0.42,0.404,0.596
10,33,0.33,-0.33,9.2,0.092,0.167,0.833
S1,,,-0.064,,1.593,,0.672
S2,,,-0.589,,1.593,,0.675
S3,,,-0.067,,0.699,,0.765
S4,,,-0.587,,0.719,,0.767
S5,,,-0.588,,0.095,,0.832
S6,,,-0.33,,0.092,,0.833
S7,,,-0.071,,0.09,,0.83
