point n,x,x(m),y,y(m),z,z(0=1),y(m) from 0
6_1,51.9,-0.519,175.3,1.753,0.587,0.413,0.247
6_2,31.2,-0.312,180.1,1.801,0.512,0.488,0.199
6_3,17,-0.17,178.7,1.787,0.515,0.485,0.213
6_4,11.2,-0.112,136.5,1.365,0.461,0.539,0.635
6_5,51.2,-0.512,137.8,1.378,0.468,0.532,0.622
6_6,42.5,-0.425,109.8,1.098,0.432,0.568,0.902
6_7,12.3,-0.123,83.5,0.835,0.411,0.589,1.165
6_8,43.5,-0.435,59.8,0.598,0.389,0.611,1.402
6_9,31.9,-0.319,44.5,0.445,0.369,0.631,1.555
6_10,16.6,-0.166,29.8,0.298,0.351,0.649,1.702
6_11,44.1,-0.441,29.8,0.298,0.357,0.643,1.702
S1,,-0.064,,1.593,,0.672,
S2,,-0.589,,1.593,,0.675,
S3,,-0.067,,0.699,,0.765,
S4,,-0.587,,0.719,,0.767,
S5,,-0.588,,0.095,,0.832,
S6,,-0.33,,0.092,,0.833,
S7,,-0.071,,0.09,,0.83,
