point n ,x,x(m),x=-1(m),y,y(m),z,z(0=1)(m)
1,30,0.3,-0.3,180,1.8,0.552,0.448
2,30,0.3,-0.3,160,1.6,0.524,0.476
3,22,0.22,-0.22,143,1.43,0.505,0.495
4,51.6,0.516,-0.516,151,1.51,0.494,0.506
5,50.5,0.505,-0.505,118.5,1.185,0.466,0.534
6,19.4,0.194,-0.194,118.5,1.185,0.478,0.522
7,18.5,0.185,-0.185,77,0.77,0.457,0.543
8,50.6,0.506,-0.506,66.5,0.665,0.441,0.559
9,32.7,0.327,-0.327,46/na,na,0.4,0.6
10,33,0.33,-0.33,9.2,0.092,0.167,0.833
S1,,,-0.064,,1.593,,0.672
S2,,,-0.589,,1.593,,0.675
S3,,,-0.067,,0.699,,0.765
S4,,,-0.587,,0.719,,0.767
S5,,,-0.588,,0.095,,0.832
S6,,,-0.33,,0.092,,0.833
S7,,,-0.071,,0.09,,0.83
