point n,x,x(m),x=-1(m),y,y(m),z,z(0=1)
1,13.1,0.131,-0.131,178.6,1.786,0.512,0.488
2,30.9,0.309,-0.309,180.4,1.804,0.512,0.488
3,51.4,0.514,-0.514,176,1.76,0.507,0.493
4,58.4,0.584,-0.584,160.3,1.603,0.328,0.672
5,58.4,0.584,-0.584,160.3,1.603,0.33,0.67
6,12,0.12,-0.12,137.8,1.378,0.459,0.541
7,50.7,0.507,-0.507,138.5,1.385,0.465,0.535
8,51,0.51,-0.51,89.8,0.898,0.412,0.588
9,11.9,0.119,-0.119,84.2,0.842,0.408,0.592
10,6.5,0.065,-0.065,70.5,0.705,0.236,0.764
11,31.5,0.315,-0.315,70,0.7,0.394,0.606
12,58.5,0.585,-0.585,70.5,0.705,0.234,0.766
14,32.9,0.329,-0.329,9.5,0.095,0.169,0.831
S1,,,-0.064,,1.593,,0.672
S2,,,-0.589,,1.593,,0.675
S3,,,-0.067,,0.699,,0.765
S4,,,-0.587,,0.719,,0.767
S5,,,-0.588,,0.095,,0.832
S6,,,-0.33,,0.092,,0.833
S7,,,-0.071,,0.09,,0.83
