point n,x,x(m),x=-1 (m),y,y(m),z,z(0=1)
4,58.6,0.586,-0.586,159.9,1.599,0.325,0.675
5,6.1,0.061,-0.061,159.9,1.599,0.329,0.671
8,51,0.51,-0.51,110.2,1.102,0.412,0.588
9,12,0.12,-0.12,115.8,1.158,0.409,0.591
10,6.5,0.065,-0.065,70.3,0.703,0.237,0.763
11,31.4,0.314,-0.314,70,0.7,0.395,0.605
12,58.4,0.584,-0.584,70.1,0.701,0.233,0.767
14,32.9,0.329,-0.329,9.5,0.095,0.169,0.831
S1,,,-0.064,,1.593,,0.672
S2,,,-0.589,,1.593,,0.675
S3,,,-0.067,,0.699,,0.765
S4,,,-0.587,,0.719,,0.767
S5,,,-0.588,,0.095,,0.832
S6,,,-0.33,,0.092,,0.833
S7,,,-0.071,,0.09,,0.83
