row_id,sum_pos (m),sum_neg (m),n_pix_pos,n_pix_neg,sum_surf_change (m),mean_surf_change_row (m),area_pos (m2),area_neg (m2),vol_pos_m3,vol_neg_m3,vol_net_m3,n_pix_above_LoD,perc_area_above_LoD,sum_pos_LoD,sum_neg_LoD,vol_pos_LoD_m3,vol_neg_LoD_m3,vol_net_LoD_m3,n_pix_above_LoD95,perc_area_above_LoD95,sum_pos_LoD95,sum_neg_LoD95,vol_pos_LoD95_m3,vol_neg_LoD95_m3,vol_net_LoD95_m3
1,0.0,-0.21752524375915527,0,13,-0.21752524375915527,-0.01673271105839656,0.0,0.0013000000000000002,0.0,-2.1752524375915527e-05,-2.1752524375915527e-05,13,100.0,0.0,-0.21752524375915527,0.0,-2.1752524375915527e-05,-2.1752524375915527e-05,13,100.0,0.0,-0.21752524375915527,0.0,-2.1752524375915527e-05,-2.1752524375915527e-05
2,0.0,-0.2209017276763916,0,13,-0.2209017276763916,-0.01699244059049166,0.0,0.0013000000000000002,0.0,-2.209017276763916e-05,-2.209017276763916e-05,13,100.0,0.0,-0.2209017276763916,0.0,-2.209017276763916e-05,-2.209017276763916e-05,13,100.0,0.0,-0.2209017276763916,0.0,-2.209017276763916e-05,-2.209017276763916e-05
3,0.0,-0.23926520347595215,0,14,-0.23926520347595215,-0.017090371676853726,0.0,0.0014,0.0,-2.3926520347595217e-05,-2.3926520347595217e-05,14,100.0,0.0,-0.23926520347595215,0.0,-2.3926520347595217e-05,-2.3926520347595217e-05,14,100.0,0.0,-0.23926520347595215,0.0,-2.3926520347595217e-05,-2.3926520347595217e-05
4,0.0,-0.2316991686820984,0,14,-0.2316991686820984,-0.016549940620149885,0.0,0.0014,0.0,-2.316991686820984e-05,-2.316991686820984e-05,14,100.0,0.0,-0.2316991686820984,0.0,-2.316991686820984e-05,-2.316991686820984e-05,14,100.0,0.0,-0.2316991686820984,0.0,-2.316991686820984e-05,-2.316991686820984e-05
5,0.0,-0.23831051588058472,0,15,-0.23831051588058472,-0.015887367725372314,0.0,0.0015,0.0,-2.3831051588058474e-05,-2.3831051588058474e-05,15,100.0,0.0,-0.23831051588058472,0.0,-2.3831051588058474e-05,-2.3831051588058474e-05,15,100.0,0.0,-0.23831051588058472,0.0,-2.3831051588058474e-05,-2.3831051588058474e-05
6,0.0,-0.22308915853500366,0,15,-0.22308915853500366,-0.014872610569000244,0.0,0.0015,0.0,-2.2308915853500366e-05,-2.2308915853500366e-05,15,100.0,0.0,-0.22308915853500366,0.0,-2.2308915853500366e-05,-2.2308915853500366e-05,15,100.0,0.0,-0.22308915853500366,0.0,-2.2308915853500366e-05,-2.2308915853500366e-05
7,0.0,-0.2344852089881897,0,16,-0.2344852089881897,-0.014655325561761856,0.0,0.0016,0.0,-2.3448520898818972e-05,-2.3448520898818972e-05,16,100.0,0.0,-0.2344852089881897,0.0,-2.3448520898818972e-05,-2.3448520898818972e-05,16,100.0,0.0,-0.2344852089881897,0.0,-2.3448520898818972e-05,-2.3448520898818972e-05
8,0.0,-0.2438402771949768,0,17,-0.2438402771949768,-0.014343545717351577,0.0,0.0017000000000000001,0.0,-2.4384027719497683e-05,-2.4384027719497683e-05,17,100.0,0.0,-0.2438402771949768,0.0,-2.4384027719497683e-05,-2.4384027719497683e-05,16,94.11764705882352,0.0,-0.2375624179840088,0.0,-2.375624179840088e-05,-2.375624179840088e-05
9,0.0,-0.2400890588760376,0,18,-0.2400890588760376,-0.013338281048668755,0.0,0.0018000000000000002,0.0,-2.4008905887603762e-05,-2.4008905887603762e-05,18,100.0,0.0,-0.2400890588760376,0.0,-2.4008905887603762e-05,-2.4008905887603762e-05,17,94.44444444444444,0.0,-0.23343825340270996,0.0,-2.3343825340270997e-05,-2.3343825340270997e-05
10,0.0,-0.2698115110397339,0,20,-0.2698115110397339,-0.013490575551986694,0.0,0.002,0.0,-2.698115110397339e-05,-2.698115110397339e-05,20,100.0,0.0,-0.2698115110397339,0.0,-2.698115110397339e-05,-2.698115110397339e-05,20,100.0,0.0,-0.2698115110397339,0.0,-2.698115110397339e-05,-2.698115110397339e-05
11,0.0,-0.3060876727104187,0,20,-0.3060876727104187,-0.015304383635520936,0.0,0.002,0.0,-3.060876727104187e-05,-3.060876727104187e-05,20,100.0,0.0,-0.3060876727104187,0.0,-3.060876727104187e-05,-3.060876727104187e-05,20,100.0,0.0,-0.3060876727104187,0.0,-3.060876727104187e-05,-3.060876727104187e-05
12,0.0,-0.32649505138397217,0,20,-0.32649505138397217,-0.01632475256919861,0.0,0.002,0.0,-3.264950513839722e-05,-3.264950513839722e-05,20,100.0,0.0,-0.32649505138397217,0.0,-3.264950513839722e-05,-3.264950513839722e-05,20,100.0,0.0,-0.32649505138397217,0.0,-3.264950513839722e-05,-3.264950513839722e-05
13,0.0,-0.2913539409637451,0,20,-0.2913539409637451,-0.014567697048187256,0.0,0.002,0.0,-2.9135394096374513e-05,-2.9135394096374513e-05,20,100.0,0.0,-0.2913539409637451,0.0,-2.9135394096374513e-05,-2.9135394096374513e-05,20,100.0,0.0,-0.2913539409637451,0.0,-2.9135394096374513e-05,-2.9135394096374513e-05
14,0.0,-0.2805819511413574,0,20,-0.2805819511413574,-0.014029097557067872,0.0,0.002,0.0,-2.8058195114135743e-05,-2.8058195114135743e-05,20,100.0,0.0,-0.2805819511413574,0.0,-2.8058195114135743e-05,-2.8058195114135743e-05,20,100.0,0.0,-0.2805819511413574,0.0,-2.8058195114135743e-05,-2.8058195114135743e-05
15,0.0,-0.29085177183151245,0,21,-0.29085177183151245,-0.013850084372929164,0.0,0.0021000000000000003,0.0,-2.9085177183151245e-05,-2.9085177183151245e-05,21,100.0,0.0,-0.29085177183151245,0.0,-2.9085177183151245e-05,-2.9085177183151245e-05,21,100.0,0.0,-0.29085177183151245,0.0,-2.9085177183151245e-05,-2.9085177183151245e-05
16,0.0,-0.29071909189224243,0,21,-0.29071909189224243,-0.013843766280582972,0.0,0.0021000000000000003,0.0,-2.9071909189224243e-05,-2.9071909189224243e-05,21,100.0,0.0,-0.29071909189224243,0.0,-2.9071909189224243e-05,-2.9071909189224243e-05,21,100.0,0.0,-0.29071909189224243,0.0,-2.9071909189224243e-05,-2.9071909189224243e-05
17,0.0,-0.30927574634552,0,22,-0.30927574634552,-0.01405798847025091,0.0,0.0022,0.0,-3.0927574634552e-05,-3.0927574634552e-05,22,100.0,0.0,-0.30927574634552,0.0,-3.0927574634552e-05,-3.0927574634552e-05,22,100.0,0.0,-0.30927574634552,0.0,-3.0927574634552e-05,-3.0927574634552e-05
18,0.0,-0.3041194677352905,0,22,-0.3041194677352905,-0.013823612169785933,0.0,0.0022,0.0,-3.0411946773529053e-05,-3.0411946773529053e-05,22,100.0,0.0,-0.3041194677352905,0.0,-3.0411946773529053e-05,-3.0411946773529053e-05,22,100.0,0.0,-0.3041194677352905,0.0,-3.0411946773529053e-05,-3.0411946773529053e-05
19,0.0,-0.2817608118057251,0,23,-0.2817608118057251,-0.012250470078509787,0.0,0.0023,0.0,-2.817608118057251e-05,-2.817608118057251e-05,23,100.0,0.0,-0.2817608118057251,0.0,-2.817608118057251e-05,-2.817608118057251e-05,22,95.65217391304348,0.0,-0.27629971504211426,0.0,-2.7629971504211428e-05,-2.7629971504211428e-05
20,0.0,-0.28946614265441895,0,24,-0.28946614265441895,-0.012061089277267456,0.0,0.0024000000000000002,0.0,-2.8946614265441897e-05,-2.8946614265441897e-05,24,100.0,0.0,-0.28946614265441895,0.0,-2.8946614265441897e-05,-2.8946614265441897e-05,22,91.66666666666666,0.0,-0.2755317687988281,0.0,-2.7553176879882813e-05,-2.7553176879882813e-05
21,0.0,-0.28436583280563354,0,25,-0.28436583280563354,-0.011374633312225341,0.0,0.0025,0.0,-2.8436583280563355e-05,-2.8436583280563355e-05,25,100.0,0.0,-0.28436583280563354,0.0,-2.8436583280563355e-05,-2.8436583280563355e-05,22,88.0,0.0,-0.2677342891693115,0.0,-2.6773428916931153e-05,-2.6773428916931153e-05
22,0.0,-0.27465587854385376,0,26,-0.27465587854385376,-0.010563687636302067,0.0,0.0026000000000000003,0.0,-2.7465587854385377e-05,-2.7465587854385377e-05,26,100.0,0.0,-0.27465587854385376,0.0,-2.7465587854385377e-05,-2.7465587854385377e-05,22,84.61538461538461,0.0,-0.24977624416351318,0.0,-2.497762441635132e-05,-2.497762441635132e-05
23,0.0,-0.27799326181411743,0,27,-0.27799326181411743,-0.010296046733856201,0.0,0.0027,0.0,-2.7799326181411744e-05,-2.7799326181411744e-05,27,100.0,0.0,-0.27799326181411743,0.0,-2.7799326181411744e-05,-2.7799326181411744e-05,21,77.77777777777779,0.0,-0.24575740098953247,0.0,-2.4575740098953247e-05,-2.4575740098953247e-05
24,0.0,-0.32257819175720215,0,28,-0.32257819175720215,-0.011520649705614363,0.0,0.0028,0.0,-3.225781917572022e-05,-3.225781917572022e-05,28,100.0,0.0,-0.32257819175720215,0.0,-3.225781917572022e-05,-3.225781917572022e-05,26,92.85714285714286,0.0,-0.31001055240631104,0.0,-3.1001055240631104e-05,-3.1001055240631104e-05
25,0.0,-0.3341878056526184,0,29,-0.3341878056526184,-0.011523717436297187,0.0,0.0029000000000000002,0.0,-3.3418780565261845e-05,-3.3418780565261845e-05,29,100.0,0.0,-0.3341878056526184,0.0,-3.3418780565261845e-05,-3.3418780565261845e-05,24,82.75862068965517,0.0,-0.3042128086090088,0.0,-3.042128086090088e-05,-3.042128086090088e-05
26,0.0,-0.34343117475509644,0,30,-0.34343117475509644,-0.011447705825169881,0.0,0.003,0.0,-3.4343117475509646e-05,-3.4343117475509646e-05,30,100.0,0.0,-0.34343117475509644,0.0,-3.4343117475509646e-05,-3.4343117475509646e-05,26,86.66666666666667,0.0,-0.3210352659225464,0.0,-3.210352659225464e-05,-3.210352659225464e-05
27,0.0,-0.35472989082336426,0,31,-0.35472989082336426,-0.011442899703979492,0.0,0.0031000000000000003,0.0,-3.547298908233643e-05,-3.547298908233643e-05,31,100.0,0.0,-0.35472989082336426,0.0,-3.547298908233643e-05,-3.547298908233643e-05,31,100.0,0.0,-0.35472989082336426,0.0,-3.547298908233643e-05,-3.547298908233643e-05
28,0.0,-0.39986008405685425,0,32,-0.39986008405685425,-0.012495627626776695,0.0,0.0032,0.0,-3.998600840568543e-05,-3.998600840568543e-05,32,100.0,0.0,-0.39986008405685425,0.0,-3.998600840568543e-05,-3.998600840568543e-05,30,93.75,0.0,-0.38734257221221924,0.0,-3.873425722122193e-05,-3.873425722122193e-05
29,0.0,-0.3941381573677063,0,33,-0.3941381573677063,-0.01194358052629413,0.0,0.0033,0.0,-3.941381573677063e-05,-3.941381573677063e-05,33,100.0,0.0,-0.3941381573677063,0.0,-3.941381573677063e-05,-3.941381573677063e-05,31,93.93939393939394,0.0,-0.3818323612213135,0.0,-3.818323612213135e-05,-3.818323612213135e-05
30,0.0,-0.3742137551307678,0,34,-0.3742137551307678,-0.011006286915610819,0.0,0.0034000000000000002,0.0,-3.742137551307678e-05,-3.742137551307678e-05,34,100.0,0.0,-0.3742137551307678,0.0,-3.742137551307678e-05,-3.742137551307678e-05,34,100.0,0.0,-0.3742137551307678,0.0,-3.742137551307678e-05,-3.742137551307678e-05
31,0.0,-0.3769347667694092,0,35,-0.3769347667694092,-0.010769564764840263,0.0,0.0035,0.0,-3.769347667694092e-05,-3.769347667694092e-05,35,100.0,0.0,-0.3769347667694092,0.0,-3.769347667694092e-05,-3.769347667694092e-05,35,100.0,0.0,-0.3769347667694092,0.0,-3.769347667694092e-05,-3.769347667694092e-05
32,0.0,-0.39634668827056885,0,36,-0.39634668827056885,-0.011009630229738023,0.0,0.0036000000000000003,0.0,-3.963466882705689e-05,-3.963466882705689e-05,36,100.0,0.0,-0.39634668827056885,0.0,-3.963466882705689e-05,-3.963466882705689e-05,34,94.44444444444444,0.0,-0.3846759796142578,0.0,-3.8467597961425786e-05,-3.8467597961425786e-05
33,0.0,-0.3719821572303772,0,37,-0.3719821572303772,-0.010053571817037222,0.0,0.0037,0.0,-3.719821572303772e-05,-3.719821572303772e-05,37,100.0,0.0,-0.3719821572303772,0.0,-3.719821572303772e-05,-3.719821572303772e-05,34,91.8918918918919,0.0,-0.3559592366218567,0.0,-3.559592366218567e-05,-3.559592366218567e-05
34,0.0,-0.36372584104537964,0,38,-0.36372584104537964,-0.009571732659088937,0.0,0.0038,0.0,-3.637258410453797e-05,-3.637258410453797e-05,37,97.36842105263158,0.0,-0.3618773818016052,0.0,-3.618773818016052e-05,-3.618773818016052e-05,35,92.10526315789474,0.0,-0.35081660747528076,0.0,-3.508166074752808e-05,-3.508166074752808e-05
35,0.0,-0.39371824264526367,0,39,-0.39371824264526367,-0.010095339555006761,0.0,0.0039000000000000003,0.0,-3.937182426452637e-05,-3.937182426452637e-05,39,100.0,0.0,-0.39371824264526367,0.0,-3.937182426452637e-05,-3.937182426452637e-05,38,97.43589743589743,0.0,-0.3877294063568115,0.0,-3.8772940635681156e-05,-3.8772940635681156e-05
36,0.0,-0.41570359468460083,0,40,-0.41570359468460083,-0.010392589867115021,0.0,0.004,0.0,-4.157035946846009e-05,-4.157035946846009e-05,40,100.0,0.0,-0.41570359468460083,0.0,-4.157035946846009e-05,-4.157035946846009e-05,38,95.0,0.0,-0.4018816351890564,0.0,-4.018816351890564e-05,-4.018816351890564e-05
37,0.0,-0.4307625889778137,0,42,-0.4307625889778137,-0.010256252118519374,0.0,0.004200000000000001,0.0,-4.307625889778137e-05,-4.307625889778137e-05,42,100.0,0.0,-0.4307625889778137,0.0,-4.307625889778137e-05,-4.307625889778137e-05,41,97.61904761904762,0.0,-0.42576324939727783,0.0,-4.257632493972779e-05,-4.257632493972779e-05
38,0.0,-0.41235315799713135,0,42,-0.41235315799713135,-0.009817932333265032,0.0,0.004200000000000001,0.0,-4.1235315799713136e-05,-4.1235315799713136e-05,42,100.0,0.0,-0.41235315799713135,0.0,-4.1235315799713136e-05,-4.1235315799713136e-05,41,97.61904761904762,0.0,-0.4058109521865845,0.0,-4.058109521865845e-05,-4.058109521865845e-05
39,0.0,-0.38920438289642334,0,42,-0.38920438289642334,-0.009266771021343413,0.0,0.004200000000000001,0.0,-3.892043828964234e-05,-3.892043828964234e-05,41,97.61904761904762,0.0,-0.38818633556365967,0.0,-3.8818633556365966e-05,-3.8818633556365966e-05,38,90.47619047619048,0.0,-0.37133729457855225,0.0,-3.713372945785523e-05,-3.713372945785523e-05
40,0.0,-0.4074820876121521,0,42,-0.4074820876121521,-0.009701954466956002,0.0,0.004200000000000001,0.0,-4.0748208761215214e-05,-4.0748208761215214e-05,42,100.0,0.0,-0.4074820876121521,0.0,-4.0748208761215214e-05,-4.0748208761215214e-05,42,100.0,0.0,-0.4074820876121521,0.0,-4.0748208761215214e-05,-4.0748208761215214e-05
41,0.0,-0.44014400243759155,0,42,-0.44014400243759155,-0.010479619105656942,0.0,0.004200000000000001,0.0,-4.401440024375916e-05,-4.401440024375916e-05,42,100.0,0.0,-0.44014400243759155,0.0,-4.401440024375916e-05,-4.401440024375916e-05,41,97.61904761904762,0.0,-0.4339175820350647,0.0,-4.3391758203506474e-05,-4.3391758203506474e-05
42,0.0,-0.4621322751045227,0,42,-0.4621322751045227,-0.01100314940725054,0.0,0.004200000000000001,0.0,-4.621322751045227e-05,-4.621322751045227e-05,42,100.0,0.0,-0.4621322751045227,0.0,-4.621322751045227e-05,-4.621322751045227e-05,42,100.0,0.0,-0.4621322751045227,0.0,-4.621322751045227e-05,-4.621322751045227e-05
43,0.0,-0.4368562698364258,0,42,-0.4368562698364258,-0.010401339758010138,0.0,0.004200000000000001,0.0,-4.368562698364258e-05,-4.368562698364258e-05,42,100.0,0.0,-0.4368562698364258,0.0,-4.368562698364258e-05,-4.368562698364258e-05,40,95.23809523809523,0.0,-0.42361170053482056,0.0,-4.2361170053482055e-05,-4.2361170053482055e-05
44,0.0024773478507995605,-0.4097169041633606,2,40,-0.40723955631256104,-0.009696179912203834,0.0002,0.004,2.4773478507995605e-07,-4.097169041633606e-05,-4.0723955631256104e-05,39,92.85714285714286,0.0,-0.40825700759887695,0.0,-4.0825700759887695e-05,-4.0825700759887695e-05,37,88.09523809523809,0.0,-0.3988822102546692,0.0,-3.988822102546692e-05,-3.988822102546692e-05
45,0.00045555830001831055,-0.39618831872940063,1,41,-0.3957327604293823,-0.00942220858165196,0.0001,0.0041,4.555583000183106e-08,-3.9618831872940066e-05,-3.957327604293823e-05,39,92.85714285714286,0.0,-0.3896282911300659,0.0,-3.8962829113006594e-05,-3.8962829113006594e-05,39,92.85714285714286,0.0,-0.3896282911300659,0.0,-3.8962829113006594e-05,-3.8962829113006594e-05
46,0.0,-0.4127342104911804,0,42,-0.4127342104911804,-0.009827005011694772,0.0,0.004200000000000001,0.0,-4.1273421049118046e-05,-4.1273421049118046e-05,42,100.0,0.0,-0.4127342104911804,0.0,-4.1273421049118046e-05,-4.1273421049118046e-05,42,100.0,0.0,-0.4127342104911804,0.0,-4.1273421049118046e-05,-4.1273421049118046e-05
47,0.0,-0.4391745924949646,0,42,-0.4391745924949646,-0.010456537916546776,0.0,0.004200000000000001,0.0,-4.3917459249496464e-05,-4.3917459249496464e-05,42,100.0,0.0,-0.4391745924949646,0.0,-4.3917459249496464e-05,-4.3917459249496464e-05,42,100.0,0.0,-0.4391745924949646,0.0,-4.3917459249496464e-05,-4.3917459249496464e-05
48,0.0,-0.4663068652153015,0,42,-0.4663068652153015,-0.011102544409888131,0.0,0.004200000000000001,0.0,-4.6630686521530155e-05,-4.6630686521530155e-05,42,100.0,0.0,-0.4663068652153015,0.0,-4.6630686521530155e-05,-4.6630686521530155e-05,42,100.0,0.0,-0.4663068652153015,0.0,-4.6630686521530155e-05,-4.6630686521530155e-05
49,0.0,-0.49351173639297485,0,42,-0.49351173639297485,-0.011750279437927972,0.0,0.004200000000000001,0.0,-4.935117363929749e-05,-4.935117363929749e-05,42,100.0,0.0,-0.49351173639297485,0.0,-4.935117363929749e-05,-4.935117363929749e-05,42,100.0,0.0,-0.49351173639297485,0.0,-4.935117363929749e-05,-4.935117363929749e-05
50,0.0,-0.5024845004081726,0,42,-0.5024845004081726,-0.011963916676385062,0.0,0.004200000000000001,0.0,-5.0248450040817266e-05,-5.0248450040817266e-05,42,100.0,0.0,-0.5024845004081726,0.0,-5.0248450040817266e-05,-5.0248450040817266e-05,42,100.0,0.0,-0.5024845004081726,0.0,-5.0248450040817266e-05,-5.0248450040817266e-05
51,0.0,-0.4926336407661438,0,42,-0.4926336407661438,-0.0117293723991939,0.0,0.004200000000000001,0.0,-4.926336407661438e-05,-4.926336407661438e-05,41,97.61904761904762,0.0,-0.489126980304718,0.0,-4.8912698030471805e-05,-4.8912698030471805e-05,40,95.23809523809523,0.0,-0.4845436215400696,0.0,-4.845436215400696e-05,-4.845436215400696e-05
52,0.001246333122253418,-0.47847259044647217,1,41,-0.47722625732421875,-0.011362529936290923,0.0001,0.0041,1.246333122253418e-07,-4.784725904464722e-05,-4.772262573242188e-05,40,95.23809523809523,0.0,-0.4755294919013977,0.0,-4.755294919013977e-05,-4.755294919013977e-05,39,92.85714285714286,0.0,-0.4691394567489624,0.0,-4.691394567489624e-05,-4.691394567489624e-05
53,0.0,-0.48505139350891113,0,42,-0.48505139350891113,-0.011548842702593123,0.0,0.004200000000000001,0.0,-4.8505139350891114e-05,-4.8505139350891114e-05,42,100.0,0.0,-0.48505139350891113,0.0,-4.8505139350891114e-05,-4.8505139350891114e-05,42,100.0,0.0,-0.48505139350891113,0.0,-4.8505139350891114e-05,-4.8505139350891114e-05
54,0.0,-0.4436061382293701,0,42,-0.4436061382293701,-0.010562050910223098,0.0,0.004200000000000001,0.0,-4.4360613822937014e-05,-4.4360613822937014e-05,42,100.0,0.0,-0.4436061382293701,0.0,-4.4360613822937014e-05,-4.4360613822937014e-05,40,95.23809523809523,0.0,-0.43355464935302734,0.0,-4.3355464935302735e-05,-4.3355464935302735e-05
55,0.0,-0.4589671492576599,0,42,-0.4589671492576599,-0.010927789268039521,0.0,0.004200000000000001,0.0,-4.589671492576599e-05,-4.589671492576599e-05,42,100.0,0.0,-0.4589671492576599,0.0,-4.589671492576599e-05,-4.589671492576599e-05,38,90.47619047619048,0.0,-0.431846559047699,0.0,-4.31846559047699e-05,-4.31846559047699e-05
56,0.0,-0.46145451068878174,0,42,-0.46145451068878174,-0.010987012159256708,0.0,0.004200000000000001,0.0,-4.614545106887818e-05,-4.614545106887818e-05,40,95.23809523809523,0.0,-0.45784837007522583,0.0,-4.5784837007522585e-05,-4.5784837007522585e-05,37,88.09523809523809,0.0,-0.44062286615371704,0.0,-4.406228661537171e-05,-4.406228661537171e-05
57,0.0,-0.4162788391113281,0,42,-0.4162788391113281,-0.009911400931222098,0.0,0.004200000000000001,0.0,-4.162788391113281e-05,-4.162788391113281e-05,38,90.47619047619048,0.0,-0.4069458246231079,0.0,-4.069458246231079e-05,-4.069458246231079e-05,35,83.33333333333334,0.0,-0.3891041874885559,0.0,-3.891041874885559e-05,-3.891041874885559e-05
58,0.0,-0.42889440059661865,0,42,-0.42889440059661865,-0.010211771442776634,0.0,0.004200000000000001,0.0,-4.288944005966187e-05,-4.288944005966187e-05,42,100.0,0.0,-0.42889440059661865,0.0,-4.288944005966187e-05,-4.288944005966187e-05,36,85.71428571428571,0.0,-0.39133524894714355,0.0,-3.9133524894714356e-05,-3.9133524894714356e-05
59,0.0,-0.4111529588699341,0,42,-0.4111529588699341,-0.00978935616356986,0.0,0.004200000000000001,0.0,-4.111529588699341e-05,-4.111529588699341e-05,40,95.23809523809523,0.0,-0.4052313566207886,0.0,-4.052313566207886e-05,-4.052313566207886e-05,35,83.33333333333334,0.0,-0.3746923804283142,0.0,-3.746923804283142e-05,-3.746923804283142e-05
60,0.0,-0.4306071996688843,0,42,-0.4306071996688843,-0.010252552373068673,0.0,0.004200000000000001,0.0,-4.306071996688843e-05,-4.306071996688843e-05,40,95.23809523809523,0.0,-0.42681533098220825,0.0,-4.268153309822083e-05,-4.268153309822083e-05,35,83.33333333333334,0.0,-0.3932837247848511,0.0,-3.932837247848511e-05,-3.932837247848511e-05
61,0.0,-0.42587876319885254,0,42,-0.42587876319885254,-0.010139970552353631,0.0,0.004200000000000001,0.0,-4.258787631988526e-05,-4.258787631988526e-05,42,100.0,0.0,-0.42587876319885254,0.0,-4.258787631988526e-05,-4.258787631988526e-05,40,95.23809523809523,0.0,-0.41445738077163696,0.0,-4.14457380771637e-05,-4.14457380771637e-05
62,0.0,-0.3914960026741028,0,42,-0.3914960026741028,-0.009321333397002448,0.0,0.004200000000000001,0.0,-3.914960026741028e-05,-3.914960026741028e-05,42,100.0,0.0,-0.3914960026741028,0.0,-3.914960026741028e-05,-3.914960026741028e-05,40,95.23809523809523,0.0,-0.3797772526741028,0.0,-3.797772526741028e-05,-3.797772526741028e-05
63,0.0,-0.3825535774230957,0,42,-0.3825535774230957,-0.009108418510073707,0.0,0.004200000000000001,0.0,-3.825535774230957e-05,-3.825535774230957e-05,42,100.0,0.0,-0.3825535774230957,0.0,-3.825535774230957e-05,-3.825535774230957e-05,37,88.09523809523809,0.0,-0.3498278856277466,0.0,-3.498278856277466e-05,-3.498278856277466e-05
64,0.0,-0.3877347707748413,0,42,-0.3877347707748413,-0.00923178025654384,0.0,0.004200000000000001,0.0,-3.8773477077484136e-05,-3.8773477077484136e-05,42,100.0,0.0,-0.3877347707748413,0.0,-3.8773477077484136e-05,-3.8773477077484136e-05,40,95.23809523809523,0.0,-0.3744284510612488,0.0,-3.7442845106124876e-05,-3.7442845106124876e-05
65,0.0,-0.4136427044868469,0,42,-0.4136427044868469,-0.009848635821115403,0.0,0.004200000000000001,0.0,-4.136427044868469e-05,-4.136427044868469e-05,42,100.0,0.0,-0.4136427044868469,0.0,-4.136427044868469e-05,-4.136427044868469e-05,41,97.61904761904762,0.0,-0.40704452991485596,0.0,-4.07044529914856e-05,-4.07044529914856e-05
66,0.0,-0.42589712142944336,0,42,-0.42589712142944336,-0.010140407653081985,0.0,0.004200000000000001,0.0,-4.258971214294434e-05,-4.258971214294434e-05,42,100.0,0.0,-0.42589712142944336,0.0,-4.258971214294434e-05,-4.258971214294434e-05,40,95.23809523809523,0.0,-0.4133684039115906,0.0,-4.133684039115906e-05,-4.133684039115906e-05
67,0.0,-0.43111544847488403,0,42,-0.43111544847488403,-0.010264653535116287,0.0,0.004200000000000001,0.0,-4.31115448474884e-05,-4.31115448474884e-05,42,100.0,0.0,-0.43111544847488403,0.0,-4.31115448474884e-05,-4.31115448474884e-05,40,95.23809523809523,0.0,-0.42010360956192017,0.0,-4.201036095619202e-05,-4.201036095619202e-05
68,0.0003173947334289551,-0.3876216411590576,1,41,-0.38730424642562866,-0.009221529676800682,0.0001,0.0041,3.1739473342895506e-08,-3.876216411590576e-05,-3.873042464256287e-05,40,95.23809523809523,0.0,-0.38634157180786133,0.0,-3.863415718078614e-05,-3.863415718078614e-05,38,90.47619047619048,0.0,-0.3748190999031067,0.0,-3.748190999031067e-05,-3.748190999031067e-05
69,0.0,-0.3849254250526428,0,42,-0.3849254250526428,-0.009164891072681971,0.0,0.004200000000000001,0.0,-3.849254250526429e-05,-3.849254250526429e-05,41,97.61904761904762,0.0,-0.38128310441970825,0.0,-3.812831044197083e-05,-3.812831044197083e-05,38,90.47619047619048,0.0,-0.367334246635437,0.0,-3.6733424663543705e-05,-3.6733424663543705e-05
70,0.0,-0.3823778033256531,0,42,-0.3823778033256531,-0.00910423341251555,0.0,0.004200000000000001,0.0,-3.823778033256531e-05,-3.823778033256531e-05,40,95.23809523809523,0.0,-0.37981414794921875,0.0,-3.7981414794921875e-05,-3.7981414794921875e-05,38,90.47619047619048,0.0,-0.36826807260513306,0.0,-3.682680726051331e-05,-3.682680726051331e-05
71,0.0027832388877868652,-0.3664007782936096,2,40,-0.36361753940582275,-0.008657560462043398,0.0002,0.004,2.7832388877868654e-07,-3.6640077829360966e-05,-3.6361753940582274e-05,39,92.85714285714286,0.0,-0.36478114128112793,0.0,-3.6478114128112795e-05,-3.6478114128112795e-05,33,78.57142857142857,0.0,-0.3291751742362976,0.0,-3.2917517423629764e-05,-3.2917517423629764e-05
72,0.003277122974395752,-0.37166476249694824,2,40,-0.3683876395225525,-0.008771134274346488,0.0002,0.004,3.277122974395752e-07,-3.716647624969483e-05,-3.683876395225525e-05,39,92.85714285714286,0.0,-0.3708948493003845,0.0,-3.708948493003846e-05,-3.708948493003846e-05,31,73.80952380952381,0.0,-0.319339394569397,0.0,-3.19339394569397e-05,-3.19339394569397e-05
73,0.0001277923583984375,-0.3626598119735718,1,41,-0.36253201961517334,-0.008631714752742223,0.0001,0.0041,1.277923583984375e-08,-3.626598119735718e-05,-3.6253201961517334e-05,40,95.23809523809523,0.0,-0.36068636178970337,0.0,-3.606863617897034e-05,-3.606863617897034e-05,30,71.42857142857143,0.0,-0.3030173182487488,0.0,-3.030173182487488e-05,-3.030173182487488e-05
74,0.0,-0.3678015470504761,0,42,-0.3678015470504761,-0.008757179691678002,0.0,0.004200000000000001,0.0,-3.678015470504761e-05,-3.678015470504761e-05,41,97.61904761904762,0.0,-0.36454272270202637,0.0,-3.645427227020264e-05,-3.645427227020264e-05,34,80.95238095238095,0.0,-0.3259003162384033,0.0,-3.259003162384033e-05,-3.259003162384033e-05
75,0.0,-0.37917059659957886,0,42,-0.37917059659957886,-0.009027871347609021,0.0,0.004200000000000001,0.0,-3.7917059659957885e-05,-3.7917059659957885e-05,41,97.61904761904762,0.0,-0.37570440769195557,0.0,-3.757044076919556e-05,-3.757044076919556e-05,33,78.57142857142857,0.0,-0.32479268312454224,0.0,-3.2479268312454223e-05,-3.2479268312454223e-05
76,0.0,-0.40421247482299805,0,42,-0.40421247482299805,-0.009624106543404716,0.0,0.004200000000000001,0.0,-4.042124748229981e-05,-4.042124748229981e-05,42,100.0,0.0,-0.40421247482299805,0.0,-4.042124748229981e-05,-4.042124748229981e-05,38,90.47619047619048,0.0,-0.37904083728790283,0.0,-3.790408372879029e-05,-3.790408372879029e-05
77,0.0,-0.41991478204727173,0,42,-0.41991478204727173,-0.009997971001125518,0.0,0.004200000000000001,0.0,-4.199147820472718e-05,-4.199147820472718e-05,42,100.0,0.0,-0.41991478204727173,0.0,-4.199147820472718e-05,-4.199147820472718e-05,39,92.85714285714286,0.0,-0.4023668169975281,0.0,-4.023668169975281e-05,-4.023668169975281e-05
78,0.0,-0.3859270215034485,0,42,-0.3859270215034485,-0.009188738607224963,0.0,0.004200000000000001,0.0,-3.859270215034485e-05,-3.859270215034485e-05,42,100.0,0.0,-0.3859270215034485,0.0,-3.859270215034485e-05,-3.859270215034485e-05,38,90.47619047619048,0.0,-0.3624156713485718,0.0,-3.624156713485718e-05,-3.624156713485718e-05
79,0.0,-0.377443790435791,0,42,-0.377443790435791,-0.00898675691513788,0.0,0.004200000000000001,0.0,-3.7744379043579106e-05,-3.7744379043579106e-05,42,100.0,0.0,-0.377443790435791,0.0,-3.7744379043579106e-05,-3.7744379043579106e-05,36,85.71428571428571,0.0,-0.34273988008499146,0.0,-3.427398800849915e-05,-3.427398800849915e-05
80,0.0,-0.41112250089645386,0,42,-0.41112250089645386,-0.009788630973725091,0.0,0.004200000000000001,0.0,-4.1112250089645386e-05,-4.1112250089645386e-05,40,95.23809523809523,0.0,-0.4062134623527527,0.0,-4.062134623527527e-05,-4.062134623527527e-05,36,85.71428571428571,0.0,-0.38274919986724854,0.0,-3.8274919986724856e-05,-3.8274919986724856e-05
81,0.0,-0.41642987728118896,0,42,-0.41642987728118896,-0.009914997078123548,0.0,0.004200000000000001,0.0,-4.16429877281189e-05,-4.16429877281189e-05,41,97.61904761904762,0.0,-0.41370439529418945,0.0,-4.137043952941895e-05,-4.137043952941895e-05,37,88.09523809523809,0.0,-0.3953514099121094,0.0,-3.953514099121094e-05,-3.953514099121094e-05
82,0.0,-0.43595796823501587,0,42,-0.43595796823501587,-0.010379951624643235,0.0,0.004200000000000001,0.0,-4.359579682350159e-05,-4.359579682350159e-05,42,100.0,0.0,-0.43595796823501587,0.0,-4.359579682350159e-05,-4.359579682350159e-05,38,90.47619047619048,0.0,-0.41036325693130493,0.0,-4.10363256931305e-05,-4.10363256931305e-05
83,0.0,-0.4693070650100708,0,42,-0.4693070650100708,-0.01117397773833502,0.0,0.004200000000000001,0.0,-4.6930706501007084e-05,-4.6930706501007084e-05,42,100.0,0.0,-0.4693070650100708,0.0,-4.6930706501007084e-05,-4.6930706501007084e-05,40,95.23809523809523,0.0,-0.4568682909011841,0.0,-4.568682909011841e-05,-4.568682909011841e-05
84,0.0,-0.4827614426612854,0,42,-0.4827614426612854,-0.011494320063363938,0.0,0.004200000000000001,0.0,-4.827614426612854e-05,-4.827614426612854e-05,42,100.0,0.0,-0.4827614426612854,0.0,-4.827614426612854e-05,-4.827614426612854e-05,42,100.0,0.0,-0.4827614426612854,0.0,-4.827614426612854e-05,-4.827614426612854e-05
85,0.0,-0.48285776376724243,0,42,-0.48285776376724243,-0.011496613423029581,0.0,0.004200000000000001,0.0,-4.8285776376724245e-05,-4.8285776376724245e-05,42,100.0,0.0,-0.48285776376724243,0.0,-4.8285776376724245e-05,-4.8285776376724245e-05,42,100.0,0.0,-0.48285776376724243,0.0,-4.8285776376724245e-05,-4.8285776376724245e-05
86,0.0,-0.4611632823944092,0,42,-0.4611632823944092,-0.010980078152247838,0.0,0.004200000000000001,0.0,-4.611632823944092e-05,-4.611632823944092e-05,42,100.0,0.0,-0.4611632823944092,0.0,-4.611632823944092e-05,-4.611632823944092e-05,41,97.61904761904762,0.0,-0.4554330110549927,0.0,-4.554330110549927e-05,-4.554330110549927e-05
87,0.0,-0.47690916061401367,0,42,-0.47690916061401367,-0.011354980014619372,0.0,0.004200000000000001,0.0,-4.769091606140137e-05,-4.769091606140137e-05,42,100.0,0.0,-0.47690916061401367,0.0,-4.769091606140137e-05,-4.769091606140137e-05,41,97.61904761904762,0.0,-0.47216272354125977,0.0,-4.721627235412598e-05,-4.721627235412598e-05
88,0.0,-0.47435200214385986,0,42,-0.47435200214385986,-0.01129409528913952,0.0,0.004200000000000001,0.0,-4.7435200214385987e-05,-4.7435200214385987e-05,42,100.0,0.0,-0.47435200214385986,0.0,-4.7435200214385987e-05,-4.7435200214385987e-05,41,97.61904761904762,0.0,-0.469987690448761,0.0,-4.69987690448761e-05,-4.69987690448761e-05
89,0.0,-0.48690199851989746,0,42,-0.48690199851989746,-0.011592904726664225,0.0,0.004200000000000001,0.0,-4.869019985198975e-05,-4.869019985198975e-05,41,97.61904761904762,0.0,-0.4841800332069397,0.0,-4.841800332069397e-05,-4.841800332069397e-05,40,95.23809523809523,0.0,-0.47798222303390503,0.0,-4.7798222303390504e-05,-4.7798222303390504e-05
90,0.0,-0.5183082222938538,0,42,-0.5183082222938538,-0.01234067195937747,0.0,0.004200000000000001,0.0,-5.183082222938538e-05,-5.183082222938538e-05,42,100.0,0.0,-0.5183082222938538,0.0,-5.183082222938538e-05,-5.183082222938538e-05,42,100.0,0.0,-0.5183082222938538,0.0,-5.183082222938538e-05,-5.183082222938538e-05
91,0.0,-0.5191515684127808,0,42,-0.5191515684127808,-0.012360751628875732,0.0,0.004200000000000001,0.0,-5.191515684127808e-05,-5.191515684127808e-05,42,100.0,0.0,-0.5191515684127808,0.0,-5.191515684127808e-05,-5.191515684127808e-05,42,100.0,0.0,-0.5191515684127808,0.0,-5.191515684127808e-05,-5.191515684127808e-05
92,0.0,-0.49746978282928467,0,42,-0.49746978282928467,-0.011844518638792493,0.0,0.004200000000000001,0.0,-4.974697828292847e-05,-4.974697828292847e-05,42,100.0,0.0,-0.49746978282928467,0.0,-4.974697828292847e-05,-4.974697828292847e-05,41,97.61904761904762,0.0,-0.490461528301239,0.0,-4.9046152830123906e-05,-4.9046152830123906e-05
93,0.0,-0.48561495542526245,0,42,-0.48561495542526245,-0.01156226084345863,0.0,0.004200000000000001,0.0,-4.856149554252625e-05,-4.856149554252625e-05,42,100.0,0.0,-0.48561495542526245,0.0,-4.856149554252625e-05,-4.856149554252625e-05,41,97.61904761904762,0.0,-0.4793893098831177,0.0,-4.793893098831177e-05,-4.793893098831177e-05
94,0.0,-0.4555697441101074,0,42,-0.4555697441101074,-0.010846898669288271,0.0,0.004200000000000001,0.0,-4.5556974411010744e-05,-4.5556974411010744e-05,41,97.61904761904762,0.0,-0.45217061042785645,0.0,-4.5217061042785644e-05,-4.5217061042785644e-05,38,90.47619047619048,0.0,-0.43292516469955444,0.0,-4.3292516469955444e-05,-4.3292516469955444e-05
95,0.0,-0.4573237895965576,0,42,-0.4573237895965576,-0.010888661657060896,0.0,0.004200000000000001,0.0,-4.5732378959655765e-05,-4.5732378959655765e-05,42,100.0,0.0,-0.4573237895965576,0.0,-4.5732378959655765e-05,-4.5732378959655765e-05,37,88.09523809523809,0.0,-0.42776399850845337,0.0,-4.277639985084534e-05,-4.277639985084534e-05
96,0.0,-0.4701575040817261,0,42,-0.4701575040817261,-0.011194226287660144,0.0,0.004200000000000001,0.0,-4.701575040817261e-05,-4.701575040817261e-05,42,100.0,0.0,-0.4701575040817261,0.0,-4.701575040817261e-05,-4.701575040817261e-05,38,90.47619047619048,0.0,-0.448647141456604,0.0,-4.48647141456604e-05,-4.48647141456604e-05
97,0.0,-0.46833425760269165,0,42,-0.46833425760269165,-0.011150815657206945,0.0,0.004200000000000001,0.0,-4.6833425760269167e-05,-4.6833425760269167e-05,42,100.0,0.0,-0.46833425760269165,0.0,-4.6833425760269167e-05,-4.6833425760269167e-05,38,90.47619047619048,0.0,-0.44275546073913574,0.0,-4.427554607391358e-05,-4.427554607391358e-05
98,0.0,-0.5117764472961426,0,42,-0.5117764472961426,-0.012185153507051013,0.0,0.004200000000000001,0.0,-5.117764472961426e-05,-5.117764472961426e-05,41,97.61904761904762,0.0,-0.5085501074790955,0.0,-5.085501074790955e-05,-5.085501074790955e-05,40,95.23809523809523,0.0,-0.5018513202667236,0.0,-5.0185132026672365e-05,-5.0185132026672365e-05
99,0.0,-0.518620491027832,0,42,-0.518620491027832,-0.012348106929234095,0.0,0.004200000000000001,0.0,-5.1862049102783206e-05,-5.1862049102783206e-05,42,100.0,0.0,-0.518620491027832,0.0,-5.1862049102783206e-05,-5.1862049102783206e-05,41,97.61904761904762,0.0,-0.5125036239624023,0.0,-5.125036239624024e-05,-5.125036239624024e-05
100,0.0,-0.4783707857131958,0,42,-0.4783707857131958,-0.011389780612218948,0.0,0.004200000000000001,0.0,-4.7837078571319586e-05,-4.7837078571319586e-05,42,100.0,0.0,-0.4783707857131958,0.0,-4.7837078571319586e-05,-4.7837078571319586e-05,38,90.47619047619048,0.0,-0.4538393020629883,0.0,-4.538393020629883e-05,-4.538393020629883e-05
101,0.0,-0.5077176094055176,0,42,-0.5077176094055176,-0.01208851450965518,0.0,0.004200000000000001,0.0,-5.077176094055176e-05,-5.077176094055176e-05,42,100.0,0.0,-0.5077176094055176,0.0,-5.077176094055176e-05,-5.077176094055176e-05,40,95.23809523809523,0.0,-0.4937490224838257,0.0,-4.937490224838257e-05,-4.937490224838257e-05
102,0.0,-0.5497591495513916,0,42,-0.5497591495513916,-0.01308950356074742,0.0,0.004200000000000001,0.0,-5.497591495513916e-05,-5.497591495513916e-05,42,100.0,0.0,-0.5497591495513916,0.0,-5.497591495513916e-05,-5.497591495513916e-05,41,97.61904761904762,0.0,-0.5431811213493347,0.0,-5.431811213493348e-05,-5.431811213493348e-05
103,0.0,-0.5072640776634216,0,42,-0.5072640776634216,-0.012077716134843371,0.0,0.004200000000000001,0.0,-5.0726407766342165e-05,-5.0726407766342165e-05,42,100.0,0.0,-0.5072640776634216,0.0,-5.0726407766342165e-05,-5.0726407766342165e-05,40,95.23809523809523,0.0,-0.49464255571365356,0.0,-4.946425557136536e-05,-4.946425557136536e-05
104,0.0,-0.49865442514419556,0,42,-0.49865442514419556,-0.011872724408195132,0.0,0.004200000000000001,0.0,-4.9865442514419555e-05,-4.9865442514419555e-05,42,100.0,0.0,-0.49865442514419556,0.0,-4.9865442514419555e-05,-4.9865442514419555e-05,40,95.23809523809523,0.0,-0.4872457981109619,0.0,-4.872457981109619e-05,-4.872457981109619e-05
105,0.0,-0.5239632725715637,0,42,-0.5239632725715637,-0.01247531601360866,0.0,0.004200000000000001,0.0,-5.2396327257156376e-05,-5.2396327257156376e-05,41,97.61904761904762,0.0,-0.5215084552764893,0.0,-5.215084552764893e-05,-5.215084552764893e-05,37,88.09523809523809,0.0,-0.501049280166626,0.0,-5.01049280166626e-05,-5.01049280166626e-05
106,0.0019268989562988281,-0.5411853790283203,1,41,-0.5392584800720215,-0.012839487620762416,0.0001,0.0041,1.9268989562988282e-07,-5.411853790283204e-05,-5.3925848007202154e-05,40,95.23809523809523,0.0,-0.5380943417549133,0.0,-5.3809434175491335e-05,-5.3809434175491335e-05,38,90.47619047619048,0.0,-0.5285338759422302,0.0,-5.2853387594223024e-05,-5.2853387594223024e-05
107,0.0,-0.5545907616615295,0,42,-0.5545907616615295,-0.013204541944322131,0.0,0.004200000000000001,0.0,-5.545907616615296e-05,-5.545907616615296e-05,41,97.61904761904762,0.0,-0.5529218912124634,0.0,-5.529218912124634e-05,-5.529218912124634e-05,39,92.85714285714286,0.0,-0.5394425392150879,0.0,-5.394425392150879e-05,-5.394425392150879e-05
108,0.0,-0.5785860419273376,0,42,-0.5785860419273376,-0.013775858141127088,0.0,0.004200000000000001,0.0,-5.785860419273377e-05,-5.785860419273377e-05,42,100.0,0.0,-0.5785860419273376,0.0,-5.785860419273377e-05,-5.785860419273377e-05,40,95.23809523809523,0.0,-0.5696501731872559,0.0,-5.696501731872559e-05,-5.696501731872559e-05
109,0.0,-0.5890939235687256,0,42,-0.5890939235687256,-0.014026045799255371,0.0,0.004200000000000001,0.0,-5.890939235687256e-05,-5.890939235687256e-05,41,97.61904761904762,0.0,-0.5856909155845642,0.0,-5.856909155845642e-05,-5.856909155845642e-05,39,92.85714285714286,0.0,-0.5733145475387573,0.0,-5.7331454753875734e-05,-5.7331454753875734e-05
110,0.0,-0.5863336324691772,0,42,-0.5863336324691772,-0.013960324582599458,0.0,0.004200000000000001,0.0,-5.8633363246917726e-05,-5.8633363246917726e-05,42,100.0,0.0,-0.5863336324691772,0.0,-5.8633363246917726e-05,-5.8633363246917726e-05,41,97.61904761904762,0.0,-0.5823202133178711,0.0,-5.823202133178711e-05,-5.823202133178711e-05
111,0.0,-0.6123569011688232,0,42,-0.6123569011688232,-0.014579926218305315,0.0,0.004200000000000001,0.0,-6.123569011688233e-05,-6.123569011688233e-05,42,100.0,0.0,-0.6123569011688232,0.0,-6.123569011688233e-05,-6.123569011688233e-05,42,100.0,0.0,-0.6123569011688232,0.0,-6.123569011688233e-05,-6.123569011688233e-05
112,0.0,-0.6108881831169128,0,42,-0.6108881831169128,-0.014544956740878877,0.0,0.004200000000000001,0.0,-6.108881831169129e-05,-6.108881831169129e-05,42,100.0,0.0,-0.6108881831169128,0.0,-6.108881831169129e-05,-6.108881831169129e-05,41,97.61904761904762,0.0,-0.6053828597068787,0.0,-6.053828597068787e-05,-6.053828597068787e-05
113,0.0,-0.6488729119300842,0,42,-0.6488729119300842,-0.015449355045954386,0.0,0.004200000000000001,0.0,-6.488729119300843e-05,-6.488729119300843e-05,42,100.0,0.0,-0.6488729119300842,0.0,-6.488729119300843e-05,-6.488729119300843e-05,41,97.61904761904762,0.0,-0.6424718499183655,0.0,-6.424718499183656e-05,-6.424718499183656e-05
114,0.0,-0.6679668426513672,0,42,-0.6679668426513672,-0.01590397244408017,0.0,0.004200000000000001,0.0,-6.679668426513673e-05,-6.679668426513673e-05,42,100.0,0.0,-0.6679668426513672,0.0,-6.679668426513673e-05,-6.679668426513673e-05,41,97.61904761904762,0.0,-0.6610643863677979,0.0,-6.610643863677979e-05,-6.610643863677979e-05
115,0.0,-0.661529541015625,0,42,-0.661529541015625,-0.01575070335751488,0.0,0.004200000000000001,0.0,-6.61529541015625e-05,-6.61529541015625e-05,42,100.0,0.0,-0.661529541015625,0.0,-6.61529541015625e-05,-6.61529541015625e-05,42,100.0,0.0,-0.661529541015625,0.0,-6.61529541015625e-05,-6.61529541015625e-05
116,0.0,-0.6456859111785889,0,42,-0.6456859111785889,-0.015373474075680687,0.0,0.004200000000000001,0.0,-6.45685911178589e-05,-6.45685911178589e-05,42,100.0,0.0,-0.6456859111785889,0.0,-6.45685911178589e-05,-6.45685911178589e-05,41,97.61904761904762,0.0,-0.6394386291503906,0.0,-6.394386291503906e-05,-6.394386291503906e-05
117,0.0,-0.6115506291389465,0,42,-0.6115506291389465,-0.014560729265213013,0.0,0.004200000000000001,0.0,-6.115506291389465e-05,-6.115506291389465e-05,42,100.0,0.0,-0.6115506291389465,0.0,-6.115506291389465e-05,-6.115506291389465e-05,42,100.0,0.0,-0.6115506291389465,0.0,-6.115506291389465e-05,-6.115506291389465e-05
118,0.0,-0.5829906463623047,0,42,-0.5829906463623047,-0.013880729675292969,0.0,0.004200000000000001,0.0,-5.829906463623047e-05,-5.829906463623047e-05,42,100.0,0.0,-0.5829906463623047,0.0,-5.829906463623047e-05,-5.829906463623047e-05,41,97.61904761904762,0.0,-0.5765933990478516,0.0,-5.765933990478516e-05,-5.765933990478516e-05
119,0.0,-0.5962139964103699,0,42,-0.5962139964103699,-0.014195571343104044,0.0,0.004200000000000001,0.0,-5.962139964103699e-05,-5.962139964103699e-05,42,100.0,0.0,-0.5962139964103699,0.0,-5.962139964103699e-05,-5.962139964103699e-05,42,100.0,0.0,-0.5962139964103699,0.0,-5.962139964103699e-05,-5.962139964103699e-05
120,0.0,-0.5925905108451843,0,42,-0.5925905108451843,-0.014109297877266294,0.0,0.004200000000000001,0.0,-5.9259051084518434e-05,-5.9259051084518434e-05,41,97.61904761904762,0.0,-0.5905657410621643,0.0,-5.9056574106216436e-05,-5.9056574106216436e-05,40,95.23809523809523,0.0,-0.58461594581604,0.0,-5.8461594581604006e-05,-5.8461594581604006e-05
121,0.0,-0.6022005677223206,0,42,-0.6022005677223206,-0.014338108755293347,0.0,0.004200000000000001,0.0,-6.022005677223206e-05,-6.022005677223206e-05,40,95.23809523809523,0.0,-0.6018635630607605,0.0,-6.018635630607605e-05,-6.018635630607605e-05,40,95.23809523809523,0.0,-0.6018635630607605,0.0,-6.018635630607605e-05,-6.018635630607605e-05
122,0.0,-0.6022740602493286,0,42,-0.6022740602493286,-0.014339858577364967,0.0,0.004200000000000001,0.0,-6.0227406024932864e-05,-6.0227406024932864e-05,42,100.0,0.0,-0.6022740602493286,0.0,-6.0227406024932864e-05,-6.0227406024932864e-05,42,100.0,0.0,-0.6022740602493286,0.0,-6.0227406024932864e-05,-6.0227406024932864e-05
123,0.0,-0.6060141921043396,0,42,-0.6060141921043396,-0.01442890933581761,0.0,0.004200000000000001,0.0,-6.060141921043396e-05,-6.060141921043396e-05,42,100.0,0.0,-0.6060141921043396,0.0,-6.060141921043396e-05,-6.060141921043396e-05,42,100.0,0.0,-0.6060141921043396,0.0,-6.060141921043396e-05,-6.060141921043396e-05
124,0.0,-0.5924437642097473,0,42,-0.5924437642097473,-0.014105803909755889,0.0,0.004200000000000001,0.0,-5.924437642097474e-05,-5.924437642097474e-05,42,100.0,0.0,-0.5924437642097473,0.0,-5.924437642097474e-05,-5.924437642097474e-05,41,97.61904761904762,0.0,-0.5855287313461304,0.0,-5.8552873134613037e-05,-5.8552873134613037e-05
125,0.0,-0.6067269444465637,0,42,-0.6067269444465637,-0.01444587962968009,0.0,0.004200000000000001,0.0,-6.067269444465637e-05,-6.067269444465637e-05,42,100.0,0.0,-0.6067269444465637,0.0,-6.067269444465637e-05,-6.067269444465637e-05,40,95.23809523809523,0.0,-0.5933377146720886,0.0,-5.9333771467208864e-05,-5.9333771467208864e-05
126,0.0,-0.633380651473999,0,42,-0.633380651473999,-0.015080491701761881,0.0,0.004200000000000001,0.0,-6.333806514739991e-05,-6.333806514739991e-05,40,95.23809523809523,0.0,-0.6285769939422607,0.0,-6.285769939422607e-05,-6.285769939422607e-05,40,95.23809523809523,0.0,-0.6285769939422607,0.0,-6.285769939422607e-05,-6.285769939422607e-05
127,0.0,-0.6612173914909363,0,42,-0.6612173914909363,-0.015743271225974673,0.0,0.004200000000000001,0.0,-6.612173914909363e-05,-6.612173914909363e-05,42,100.0,0.0,-0.6612173914909363,0.0,-6.612173914909363e-05,-6.612173914909363e-05,42,100.0,0.0,-0.6612173914909363,0.0,-6.612173914909363e-05,-6.612173914909363e-05
128,0.0,-0.6320759654045105,0,42,-0.6320759654045105,-0.01504942774772644,0.0,0.004200000000000001,0.0,-6.320759654045105e-05,-6.320759654045105e-05,42,100.0,0.0,-0.6320759654045105,0.0,-6.320759654045105e-05,-6.320759654045105e-05,42,100.0,0.0,-0.6320759654045105,0.0,-6.320759654045105e-05,-6.320759654045105e-05
129,0.0,-0.5724085569381714,0,42,-0.5724085569381714,-0.013628775165194557,0.0,0.004200000000000001,0.0,-5.724085569381714e-05,-5.724085569381714e-05,42,100.0,0.0,-0.5724085569381714,0.0,-5.724085569381714e-05,-5.724085569381714e-05,42,100.0,0.0,-0.5724085569381714,0.0,-5.724085569381714e-05,-5.724085569381714e-05
130,0.0,-0.5410307049751282,0,42,-0.5410307049751282,-0.012881683451788766,0.0,0.004200000000000001,0.0,-5.410307049751282e-05,-5.410307049751282e-05,42,100.0,0.0,-0.5410307049751282,0.0,-5.410307049751282e-05,-5.410307049751282e-05,39,92.85714285714286,0.0,-0.5215949416160583,0.0,-5.215949416160584e-05,-5.215949416160584e-05
131,0.0,-0.5357217192649841,0,42,-0.5357217192649841,-0.01275527903011867,0.0,0.004200000000000001,0.0,-5.3572171926498416e-05,-5.3572171926498416e-05,42,100.0,0.0,-0.5357217192649841,0.0,-5.3572171926498416e-05,-5.3572171926498416e-05,40,95.23809523809523,0.0,-0.526801347732544,0.0,-5.2680134773254396e-05,-5.2680134773254396e-05
132,0.0,-0.5734415054321289,0,42,-0.5734415054321289,-0.01365336917695545,0.0,0.004200000000000001,0.0,-5.734415054321289e-05,-5.734415054321289e-05,42,100.0,0.0,-0.5734415054321289,0.0,-5.734415054321289e-05,-5.734415054321289e-05,42,100.0,0.0,-0.5734415054321289,0.0,-5.734415054321289e-05,-5.734415054321289e-05
133,0.0,-0.5579731464385986,0,42,-0.5579731464385986,-0.013285074915204729,0.0,0.004200000000000001,0.0,-5.5797314643859864e-05,-5.5797314643859864e-05,42,100.0,0.0,-0.5579731464385986,0.0,-5.5797314643859864e-05,-5.5797314643859864e-05,41,97.61904761904762,0.0,-0.5510501861572266,0.0,-5.510501861572266e-05,-5.510501861572266e-05
134,0.0,-0.5602927207946777,0,42,-0.5602927207946777,-0.013340302876063756,0.0,0.004200000000000001,0.0,-5.6029272079467776e-05,-5.6029272079467776e-05,41,97.61904761904762,0.0,-0.5570732951164246,0.0,-5.570732951164246e-05,-5.570732951164246e-05,39,92.85714285714286,0.0,-0.545524537563324,0.0,-5.45524537563324e-05,-5.45524537563324e-05
135,0.0,-0.5435751676559448,0,42,-0.5435751676559448,-0.012942265896570115,0.0,0.004200000000000001,0.0,-5.435751676559448e-05,-5.435751676559448e-05,42,100.0,0.0,-0.5435751676559448,0.0,-5.435751676559448e-05,-5.435751676559448e-05,39,92.85714285714286,0.0,-0.5251243114471436,0.0,-5.251243114471436e-05,-5.251243114471436e-05
136,0.0,-0.5150070786476135,0,42,-0.5150070786476135,-0.012262073301133655,0.0,0.004200000000000001,0.0,-5.150070786476135e-05,-5.150070786476135e-05,42,100.0,0.0,-0.5150070786476135,0.0,-5.150070786476135e-05,-5.150070786476135e-05,42,100.0,0.0,-0.5150070786476135,0.0,-5.150070786476135e-05,-5.150070786476135e-05
137,0.0,-0.5341414511203766,0,42,-0.5341414511203766,-0.012717653598104204,0.0,0.004200000000000001,0.0,-5.341414511203766e-05,-5.341414511203766e-05,42,100.0,0.0,-0.5341414511203766,0.0,-5.341414511203766e-05,-5.341414511203766e-05,39,92.85714285714286,0.0,-0.5145857632160187,0.0,-5.145857632160187e-05,-5.145857632160187e-05
138,0.0,-0.5177864134311676,0,42,-0.5177864134311676,-0.012328247938837324,0.0,0.004200000000000001,0.0,-5.177864134311676e-05,-5.177864134311676e-05,42,100.0,0.0,-0.5177864134311676,0.0,-5.177864134311676e-05,-5.177864134311676e-05,37,88.09523809523809,0.0,-0.48817434906959534,0.0,-4.8817434906959536e-05,-4.8817434906959536e-05
139,0.0,-0.5138676464557648,0,42,-0.5138676464557648,-0.012234943963232495,0.0,0.004200000000000001,0.0,-5.1386764645576476e-05,-5.1386764645576476e-05,42,100.0,0.0,-0.5138676464557648,0.0,-5.1386764645576476e-05,-5.1386764645576476e-05,39,92.85714285714286,0.0,-0.49843737483024597,0.0,-4.98437374830246e-05,-4.98437374830246e-05
140,0.0,-0.5260184705257416,0,42,-0.5260184705257416,-0.012524249298231942,0.0,0.004200000000000001,0.0,-5.260184705257416e-05,-5.260184705257416e-05,41,97.61904761904762,0.0,-0.5230294167995453,0.0,-5.230294167995453e-05,-5.230294167995453e-05,39,92.85714285714286,0.0,-0.5123666226863861,0.0,-5.123666226863861e-05,-5.123666226863861e-05
141,0.0,-0.588311105966568,0,42,-0.588311105966568,-0.014007407284918286,0.0,0.004200000000000001,0.0,-5.8831110596656805e-05,-5.8831110596656805e-05,42,100.0,0.0,-0.588311105966568,0.0,-5.8831110596656805e-05,-5.8831110596656805e-05,42,100.0,0.0,-0.588311105966568,0.0,-5.8831110596656805e-05,-5.8831110596656805e-05
142,0.0,-0.5939550697803497,0,42,-0.5939550697803497,-0.014141787375722612,0.0,0.004200000000000001,0.0,-5.9395506978034975e-05,-5.9395506978034975e-05,42,100.0,0.0,-0.5939550697803497,0.0,-5.9395506978034975e-05,-5.9395506978034975e-05,42,100.0,0.0,-0.5939550697803497,0.0,-5.9395506978034975e-05,-5.9395506978034975e-05
143,0.0,-0.5512937903404236,0,42,-0.5512937903404236,-0.013126042627152942,0.0,0.004200000000000001,0.0,-5.512937903404236e-05,-5.512937903404236e-05,42,100.0,0.0,-0.5512937903404236,0.0,-5.512937903404236e-05,-5.512937903404236e-05,42,100.0,0.0,-0.5512937903404236,0.0,-5.512937903404236e-05,-5.512937903404236e-05
144,0.0,-0.5330871045589447,0,42,-0.5330871045589447,-0.012692550108546303,0.0,0.004200000000000001,0.0,-5.330871045589447e-05,-5.330871045589447e-05,42,100.0,0.0,-0.5330871045589447,0.0,-5.330871045589447e-05,-5.330871045589447e-05,42,100.0,0.0,-0.5330871045589447,0.0,-5.330871045589447e-05,-5.330871045589447e-05
145,0.0,-0.5023140907287598,0,42,-0.5023140907287598,-0.01195985930306571,0.0,0.004200000000000001,0.0,-5.023140907287598e-05,-5.023140907287598e-05,42,100.0,0.0,-0.5023140907287598,0.0,-5.023140907287598e-05,-5.023140907287598e-05,41,97.61904761904762,0.0,-0.49525099992752075,0.0,-4.952509999275208e-05,-4.952509999275208e-05
146,0.0,-0.5031173825263977,0,42,-0.5031173825263977,-0.011978985298247565,0.0,0.004200000000000001,0.0,-5.031173825263977e-05,-5.031173825263977e-05,42,100.0,0.0,-0.5031173825263977,0.0,-5.031173825263977e-05,-5.031173825263977e-05,40,95.23809523809523,0.0,-0.49083465337753296,0.0,-4.90834653377533e-05,-4.90834653377533e-05
147,0.0,-0.49229303002357483,0,42,-0.49229303002357483,-0.011721262619608925,0.0,0.004200000000000001,0.0,-4.9229303002357484e-05,-4.9229303002357484e-05,41,97.61904761904762,0.0,-0.4897219240665436,0.0,-4.897219240665436e-05,-4.897219240665436e-05,39,92.85714285714286,0.0,-0.48011526465415955,0.0,-4.801152646541596e-05,-4.801152646541596e-05
148,0.0,-0.5002855658531189,0,42,-0.5002855658531189,-0.011911561091740927,0.0,0.004200000000000001,0.0,-5.002855658531189e-05,-5.002855658531189e-05,41,97.61904761904762,0.0,-0.49704521894454956,0.0,-4.9704521894454957e-05,-4.9704521894454957e-05,38,90.47619047619048,0.0,-0.47863900661468506,0.0,-4.786390066146851e-05,-4.786390066146851e-05
149,0.0,-0.4840802252292633,0,42,-0.4840802252292633,-0.011525719648315794,0.0,0.004200000000000001,0.0,-4.8408022522926335e-05,-4.8408022522926335e-05,42,100.0,0.0,-0.4840802252292633,0.0,-4.8408022522926335e-05,-4.8408022522926335e-05,39,92.85714285714286,0.0,-0.4678787291049957,0.0,-4.678787291049958e-05,-4.678787291049958e-05
150,0.0,-0.4962446689605713,0,42,-0.4962446689605713,-0.011815349260965982,0.0,0.004200000000000001,0.0,-4.962446689605713e-05,-4.962446689605713e-05,42,100.0,0.0,-0.4962446689605713,0.0,-4.962446689605713e-05,-4.962446689605713e-05,41,97.61904761904762,0.0,-0.4896824359893799,0.0,-4.8968243598937994e-05,-4.8968243598937994e-05
151,0.0,-0.5325517654418945,0,42,-0.5325517654418945,-0.012679803939092727,0.0,0.004200000000000001,0.0,-5.3255176544189455e-05,-5.3255176544189455e-05,42,100.0,0.0,-0.5325517654418945,0.0,-5.3255176544189455e-05,-5.3255176544189455e-05,41,97.61904761904762,0.0,-0.5257667899131775,0.0,-5.257667899131775e-05,-5.257667899131775e-05
152,0.0,-0.5460492074489594,0,42,-0.5460492074489594,-0.013001171605927604,0.0,0.004200000000000001,0.0,-5.460492074489594e-05,-5.460492074489594e-05,42,100.0,0.0,-0.5460492074489594,0.0,-5.460492074489594e-05,-5.460492074489594e-05,42,100.0,0.0,-0.5460492074489594,0.0,-5.460492074489594e-05,-5.460492074489594e-05
153,0.0,-0.5446760654449463,0,42,-0.5446760654449463,-0.012968477748689197,0.0,0.004200000000000001,0.0,-5.446760654449463e-05,-5.446760654449463e-05,42,100.0,0.0,-0.5446760654449463,0.0,-5.446760654449463e-05,-5.446760654449463e-05,42,100.0,0.0,-0.5446760654449463,0.0,-5.446760654449463e-05,-5.446760654449463e-05
154,0.0,-0.5399505496025085,0,42,-0.5399505496025085,-0.012855965466726394,0.0,0.004200000000000001,0.0,-5.3995054960250856e-05,-5.3995054960250856e-05,42,100.0,0.0,-0.5399505496025085,0.0,-5.3995054960250856e-05,-5.3995054960250856e-05,42,100.0,0.0,-0.5399505496025085,0.0,-5.3995054960250856e-05,-5.3995054960250856e-05
155,0.0,-0.5434398949146271,0,42,-0.5434398949146271,-0.01293904511701493,0.0,0.004200000000000001,0.0,-5.434398949146271e-05,-5.434398949146271e-05,42,100.0,0.0,-0.5434398949146271,0.0,-5.434398949146271e-05,-5.434398949146271e-05,42,100.0,0.0,-0.5434398949146271,0.0,-5.434398949146271e-05,-5.434398949146271e-05
156,0.0,-0.5418205559253693,0,42,-0.5418205559253693,-0.012900489426794507,0.0,0.004200000000000001,0.0,-5.4182055592536926e-05,-5.4182055592536926e-05,42,100.0,0.0,-0.5418205559253693,0.0,-5.4182055592536926e-05,-5.4182055592536926e-05,42,100.0,0.0,-0.5418205559253693,0.0,-5.4182055592536926e-05,-5.4182055592536926e-05
157,0.0,-0.5204605758190155,0,42,-0.5204605758190155,-0.012391918471881322,0.0,0.004200000000000001,0.0,-5.204605758190155e-05,-5.204605758190155e-05,42,100.0,0.0,-0.5204605758190155,0.0,-5.204605758190155e-05,-5.204605758190155e-05,40,95.23809523809523,0.0,-0.507129967212677,0.0,-5.07129967212677e-05,-5.07129967212677e-05
158,0.0,-0.5190502107143402,0,41,-0.5190502107143402,-0.012659761236935126,0.0,0.0041,0.0,-5.1905021071434025e-05,-5.1905021071434025e-05,41,100.0,0.0,-0.5190502107143402,0.0,-5.1905021071434025e-05,-5.1905021071434025e-05,41,100.0,0.0,-0.5190502107143402,0.0,-5.1905021071434025e-05,-5.1905021071434025e-05
159,0.0,-0.48359763622283936,0,39,-0.48359763622283936,-0.012399939390329214,0.0,0.0039000000000000003,0.0,-4.835976362228394e-05,-4.835976362228394e-05,39,100.0,0.0,-0.48359763622283936,0.0,-4.835976362228394e-05,-4.835976362228394e-05,38,97.43589743589743,0.0,-0.47663238644599915,0.0,-4.766323864459992e-05,-4.766323864459992e-05
160,0.0,-0.44825243949890137,0,38,-0.44825243949890137,-0.011796116828918457,0.0,0.0038,0.0,-4.482524394989014e-05,-4.482524394989014e-05,38,100.0,0.0,-0.44825243949890137,0.0,-4.482524394989014e-05,-4.482524394989014e-05,37,97.36842105263158,0.0,-0.4418567419052124,0.0,-4.4185674190521246e-05,-4.4185674190521246e-05
161,0.0,-0.4418741762638092,0,37,-0.4418741762638092,-0.011942545304427276,0.0,0.0037,0.0,-4.418741762638092e-05,-4.418741762638092e-05,37,100.0,0.0,-0.4418741762638092,0.0,-4.418741762638092e-05,-4.418741762638092e-05,35,94.5945945945946,0.0,-0.42891791462898254,0.0,-4.289179146289826e-05,-4.289179146289826e-05
162,0.0,-0.419123113155365,0,36,-0.419123113155365,-0.011642308698760139,0.0,0.0036000000000000003,0.0,-4.19123113155365e-05,-4.19123113155365e-05,36,100.0,0.0,-0.419123113155365,0.0,-4.19123113155365e-05,-4.19123113155365e-05,34,94.44444444444444,0.0,-0.4070720076560974,0.0,-4.0707200765609746e-05,-4.0707200765609746e-05
163,0.0,-0.38560113310813904,0,35,-0.38560113310813904,-0.011017175231661116,0.0,0.0035,0.0,-3.856011331081391e-05,-3.856011331081391e-05,35,100.0,0.0,-0.38560113310813904,0.0,-3.856011331081391e-05,-3.856011331081391e-05,34,97.14285714285714,0.0,-0.3796409070491791,0.0,-3.796409070491791e-05,-3.796409070491791e-05
164,0.0,-0.38180506229400635,0,35,-0.38180506229400635,-0.010908716065543039,0.0,0.0035,0.0,-3.818050622940063e-05,-3.818050622940063e-05,34,97.14285714285714,0.0,-0.3806517422199249,0.0,-3.8065174221992494e-05,-3.8065174221992494e-05,34,97.14285714285714,0.0,-0.3806517422199249,0.0,-3.8065174221992494e-05,-3.8065174221992494e-05
165,0.0,-0.36558225750923157,0,33,-0.36558225750923157,-0.011078250227552471,0.0,0.0033,0.0,-3.655822575092316e-05,-3.655822575092316e-05,32,96.96969696969697,0.0,-0.36399486660957336,0.0,-3.639948666095734e-05,-3.639948666095734e-05,30,90.9090909090909,0.0,-0.3512967824935913,0.0,-3.512967824935913e-05,-3.512967824935913e-05
166,0.005178302526473999,-0.35311973094940186,2,29,-0.34794142842292786,-0.0112239170459009,0.0002,0.0029000000000000002,5.178302526474e-07,-3.5311973094940185e-05,-3.479414284229279e-05,30,96.7741935483871,0.00489729642868042,-0.35311973094940186,4.89729642868042e-07,-3.5311973094940185e-05,-3.482224345207215e-05,28,90.32258064516128,0.0,-0.34644344449043274,0.0,-3.464434444904328e-05,-3.464434444904328e-05
167,0.0,-0.35960397124290466,0,31,-0.35960397124290466,-0.011600128104609827,0.0,0.0031000000000000003,0.0,-3.596039712429047e-05,-3.596039712429047e-05,29,93.54838709677419,0.0,-0.35664433240890503,0.0,-3.5664433240890506e-05,-3.5664433240890506e-05,29,93.54838709677419,0.0,-0.35664433240890503,0.0,-3.5664433240890506e-05,-3.5664433240890506e-05
168,0.0,-0.34187135100364685,0,29,-0.34187135100364685,-0.011788667275987822,0.0,0.0029000000000000002,0.0,-3.418713510036469e-05,-3.418713510036469e-05,29,100.0,0.0,-0.34187135100364685,0.0,-3.418713510036469e-05,-3.418713510036469e-05,28,96.55172413793103,0.0,-0.3376968801021576,0.0,-3.376968801021576e-05,-3.376968801021576e-05
169,0.0,-0.32595935463905334,0,28,-0.32595935463905334,-0.011641405522823334,0.0,0.0028,0.0,-3.2595935463905335e-05,-3.2595935463905335e-05,28,100.0,0.0,-0.32595935463905334,0.0,-3.2595935463905335e-05,-3.2595935463905335e-05,27,96.42857142857143,0.0,-0.31933870911598206,0.0,-3.193387091159821e-05,-3.193387091159821e-05
170,0.0,-0.2982451319694519,0,26,-0.2982451319694519,-0.01147096661420969,0.0,0.0026000000000000003,0.0,-2.982451319694519e-05,-2.982451319694519e-05,25,96.15384615384616,0.0,-0.29478394985198975,0.0,-2.9478394985198975e-05,-2.9478394985198975e-05,23,88.46153846153845,0.0,-0.2830052971839905,0.0,-2.8300529718399048e-05,-2.8300529718399048e-05
171,0.0,-0.29127171635627747,0,26,-0.29127171635627747,-0.011202758321395287,0.0,0.0026000000000000003,0.0,-2.912717163562775e-05,-2.912717163562775e-05,26,100.0,0.0,-0.29127171635627747,0.0,-2.912717163562775e-05,-2.912717163562775e-05,25,96.15384615384616,0.0,-0.2861769497394562,0.0,-2.861769497394562e-05,-2.861769497394562e-05
172,0.0,-0.2923688292503357,0,25,-0.2923688292503357,-0.011694753170013427,0.0,0.0025,0.0,-2.923688292503357e-05,-2.923688292503357e-05,25,100.0,0.0,-0.2923688292503357,0.0,-2.923688292503357e-05,-2.923688292503357e-05,25,100.0,0.0,-0.2923688292503357,0.0,-2.923688292503357e-05,-2.923688292503357e-05
173,0.0,-0.2712209224700928,0,23,-0.2712209224700928,-0.011792214020438816,0.0,0.0023,0.0,-2.712209224700928e-05,-2.712209224700928e-05,23,100.0,0.0,-0.2712209224700928,0.0,-2.712209224700928e-05,-2.712209224700928e-05,22,95.65217391304348,0.0,-0.2647869884967804,0.0,-2.647869884967804e-05,-2.647869884967804e-05
174,0.0,-0.25731560587882996,0,21,-0.25731560587882996,-0.012253124089468093,0.0,0.0021000000000000003,0.0,-2.5731560587882997e-05,-2.5731560587882997e-05,21,100.0,0.0,-0.25731560587882996,0.0,-2.5731560587882997e-05,-2.5731560587882997e-05,19,90.47619047619048,0.0,-0.24522367119789124,0.0,-2.4522367119789125e-05,-2.4522367119789125e-05
175,0.0,-0.24260053038597107,0,20,-0.24260053038597107,-0.012130026519298554,0.0,0.002,0.0,-2.426005303859711e-05,-2.426005303859711e-05,20,100.0,0.0,-0.24260053038597107,0.0,-2.426005303859711e-05,-2.426005303859711e-05,18,90.0,0.0,-0.2325216829776764,0.0,-2.325216829776764e-05,-2.325216829776764e-05
176,0.0,-0.2512492835521698,0,20,-0.2512492835521698,-0.01256246417760849,0.0,0.002,0.0,-2.5124928355216982e-05,-2.5124928355216982e-05,20,100.0,0.0,-0.2512492835521698,0.0,-2.5124928355216982e-05,-2.5124928355216982e-05,20,100.0,0.0,-0.2512492835521698,0.0,-2.5124928355216982e-05,-2.5124928355216982e-05
177,0.0,-0.23110300302505493,0,19,-0.23110300302505493,-0.012163315948687102,0.0,0.0019,0.0,-2.3110300302505496e-05,-2.3110300302505496e-05,19,100.0,0.0,-0.23110300302505493,0.0,-2.3110300302505496e-05,-2.3110300302505496e-05,19,100.0,0.0,-0.23110300302505493,0.0,-2.3110300302505496e-05,-2.3110300302505496e-05
178,0.0,-0.22688332200050354,0,18,-0.22688332200050354,-0.012604629000027975,0.0,0.0018000000000000002,0.0,-2.2688332200050356e-05,-2.2688332200050356e-05,18,100.0,0.0,-0.22688332200050354,0.0,-2.2688332200050356e-05,-2.2688332200050356e-05,18,100.0,0.0,-0.22688332200050354,0.0,-2.2688332200050356e-05,-2.2688332200050356e-05
179,0.0,-0.2031710147857666,0,17,-0.2031710147857666,-0.011951236163868624,0.0,0.0017000000000000001,0.0,-2.031710147857666e-05,-2.031710147857666e-05,17,100.0,0.0,-0.2031710147857666,0.0,-2.031710147857666e-05,-2.031710147857666e-05,17,100.0,0.0,-0.2031710147857666,0.0,-2.031710147857666e-05,-2.031710147857666e-05
180,0.0,-0.1971527636051178,0,16,-0.1971527636051178,-0.012322047725319862,0.0,0.0016,0.0,-1.971527636051178e-05,-1.971527636051178e-05,16,100.0,0.0,-0.1971527636051178,0.0,-1.971527636051178e-05,-1.971527636051178e-05,16,100.0,0.0,-0.1971527636051178,0.0,-1.971527636051178e-05,-1.971527636051178e-05
181,0.0,-0.1950288712978363,0,16,-0.1950288712978363,-0.012189304456114769,0.0,0.0016,0.0,-1.9502887129783632e-05,-1.9502887129783632e-05,16,100.0,0.0,-0.1950288712978363,0.0,-1.9502887129783632e-05,-1.9502887129783632e-05,16,100.0,0.0,-0.1950288712978363,0.0,-1.9502887129783632e-05,-1.9502887129783632e-05
182,0.0,-0.16286703944206238,0,15,-0.16286703944206238,-0.010857802629470826,0.0,0.0015,0.0,-1.628670394420624e-05,-1.628670394420624e-05,15,100.0,0.0,-0.16286703944206238,0.0,-1.628670394420624e-05,-1.628670394420624e-05,15,100.0,0.0,-0.16286703944206238,0.0,-1.628670394420624e-05,-1.628670394420624e-05
183,0.0,-0.1487654745578766,0,15,-0.1487654745578766,-0.00991769830385844,0.0,0.0015,0.0,-1.4876547455787659e-05,-1.4876547455787659e-05,15,100.0,0.0,-0.1487654745578766,0.0,-1.4876547455787659e-05,-1.4876547455787659e-05,15,100.0,0.0,-0.1487654745578766,0.0,-1.4876547455787659e-05,-1.4876547455787659e-05
184,0.0,-0.12167322635650635,0,14,-0.12167322635650635,-0.008690944739750453,0.0,0.0014,0.0,-1.2167322635650635e-05,-1.2167322635650635e-05,14,100.0,0.0,-0.12167322635650635,0.0,-1.2167322635650635e-05,-1.2167322635650635e-05,14,100.0,0.0,-0.12167322635650635,0.0,-1.2167322635650635e-05,-1.2167322635650635e-05
185,0.0,-0.1075720489025116,0,13,-0.1075720489025116,-0.008274772992500892,0.0,0.0013000000000000002,0.0,-1.075720489025116e-05,-1.075720489025116e-05,13,100.0,0.0,-0.1075720489025116,0.0,-1.075720489025116e-05,-1.075720489025116e-05,6,46.15384615384615,0.0,-0.06541141867637634,0.0,-6.541141867637635e-06,-6.541141867637635e-06
186,0.0,-0.09453639388084412,0,13,-0.09453639388084412,-0.0072720302985264705,0.0,0.0013000000000000002,0.0,-9.453639388084412e-06,-9.453639388084412e-06,13,100.0,0.0,-0.09453639388084412,0.0,-9.453639388084412e-06,-9.453639388084412e-06,6,46.15384615384615,0.0,-0.05735263228416443,0.0,-5.735263228416443e-06,-5.735263228416443e-06
187,0.0,-0.06557229161262512,0,12,-0.06557229161262512,-0.0054643576343854266,0.0,0.0012000000000000001,0.0,-6.557229161262512e-06,-6.557229161262512e-06,9,75.0,0.0,-0.056397825479507446,0.0,-5.639782547950745e-06,-5.639782547950745e-06,3,25.0,0.0,-0.022408992052078247,0.0,-2.240899205207825e-06,-2.240899205207825e-06
188,0.0,-0.054605573415756226,0,12,-0.054605573415756226,-0.004550464451313019,0.0,0.0012000000000000001,0.0,-5.4605573415756224e-06,-5.4605573415756224e-06,7,58.333333333333336,0.0,-0.041146814823150635,0.0,-4.114681482315063e-06,-4.114681482315063e-06,2,16.666666666666664,0.0,-0.014905691146850586,0.0,-1.4905691146850586e-06,-1.4905691146850586e-06
189,0.0,-0.04898834228515625,0,12,-0.04898834228515625,-0.0040823618570963545,0.0,0.0012000000000000001,0.0,-4.898834228515625e-06,-4.898834228515625e-06,10,83.33333333333334,0.0,-0.04480946063995361,0.0,-4.480946063995362e-06,-4.480946063995362e-06,0,0.0,0.0,0.0,0.0,0.0,0.0
