row_id,sum_pos (m),sum_neg (m),n_pix_pos,n_pix_neg,sum_surf_change (m),mean_surf_change_row (m),area_pos (m2),area_neg (m2),vol_pos_m3,vol_neg_m3,vol_net_m3,n_pix_above_LoD,perc_area_above_LoD,sum_pos_LoD,sum_neg_LoD,vol_pos_LoD_m3,vol_neg_LoD_m3,vol_net_LoD_m3
1,0.05617602728307247,-0.02250901679508388,28,14,0.03366701048798859,0.0008015954878092522,0.0028,0.0014,5.617602728307248e-06,-2.250901679508388e-06,3.366701048798859e-06,0,0.0,0.0,0.0,0.0,0.0,0.0
2,0.03684389628324425,-0.019233436731155962,26,16,0.017610459552088287,0.0004192966560021021,0.0026000000000000003,0.0016,3.684389628324425e-06,-1.923343673115596e-06,1.7610459552088287e-06,0,0.0,0.0,0.0,0.0,0.0,0.0
3,0.037041093048173934,-0.017759345792001113,28,14,0.01928174725617282,0.00045908922038506716,0.0028,0.0014,3.7041093048173937e-06,-1.7759345792001115e-06,1.928174725617282e-06,0,0.0,0.0,0.0,0.0,0.0,0.0
4,0.03558188868282741,-0.015049905137857422,28,14,0.02053198354496999,0.0004888567510707141,0.0028,0.0014,3.5581888682827412e-06,-1.5049905137857423e-06,2.053198354496999e-06,0,0.0,0.0,0.0,0.0,0.0,0.0
5,0.034492638011215604,-0.01353220637247432,28,14,0.020960431638741284,0.0004990578961605067,0.0028,0.0014,3.4492638011215607e-06,-1.3532206372474321e-06,2.0960431638741286e-06,0,0.0,0.0,0.0,0.0,0.0,0.0
6,0.043312668800354004,-0.01198434829711914,32,10,0.03132832050323486,0.0007459123929341634,0.0032,0.001,4.3312668800354005e-06,-1.198434829711914e-06,3.1328320503234864e-06,0,0.0,0.0,0.0,0.0,0.0,0.0
7,0.042450785636901855,-0.011590003967285156,31,11,0.0308607816696167,0.0007347805159432548,0.0031000000000000003,0.0011,4.245078563690186e-06,-1.1590003967285157e-06,3.08607816696167e-06,0,0.0,0.0,0.0,0.0,0.0,0.0
8,0.04635041952133179,-0.010927021503448486,30,12,0.0354233980178833,0.000843414238521031,0.003,0.0012000000000000001,4.635041952133179e-06,-1.0927021503448486e-06,3.5423398017883304e-06,0,0.0,0.0,0.0,0.0,0.0,0.0
9,0.051505208015441895,-0.010311782360076904,29,13,0.04119342565536499,0.0009807958489372617,0.0029000000000000002,0.0013000000000000002,5.1505208015441895e-06,-1.0311782360076904e-06,4.1193425655364995e-06,0,0.0,0.0,0.0,0.0,0.0,0.0
10,0.05592966079711914,-0.010019302368164062,29,13,0.04591035842895508,0.001093103772117978,0.0029000000000000002,0.0013000000000000002,5.592966079711914e-06,-1.0019302368164062e-06,4.591035842895508e-06,0,0.0,0.0,0.0,0.0,0.0,0.0
11,0.059048235416412354,-0.009169340133666992,29,13,0.04987889528274536,0.0011875927448272705,0.0029000000000000002,0.0013000000000000002,5.904823541641236e-06,-9.169340133666993e-07,4.987889528274536e-06,0,0.0,0.0,0.0,0.0,0.0,0.0
12,0.0637279748916626,-0.0078092217445373535,33,9,0.055918753147125244,0.001331398884455363,0.0033,0.0009000000000000001,6.37279748916626e-06,-7.809221744537354e-07,5.591875314712525e-06,0,0.0,0.0,0.0,0.0,0.0,0.0
13,0.06982541084289551,-0.00661236047744751,32,10,0.063213050365448,0.001505072627748762,0.0032,0.001,6.9825410842895515e-06,-6.61236047744751e-07,6.3213050365448e-06,0,0.0,0.0,0.0,0.0,0.0,0.0
14,0.073600172996521,-0.0057686567306518555,34,8,0.06783151626586914,0.0016150361015683128,0.0034000000000000002,0.0008,7.3600172996521e-06,-5.768656730651856e-07,6.783151626586914e-06,0,0.0,0.0,0.0,0.0,0.0,0.0
15,0.07737141847610474,-0.005140423774719238,33,9,0.0722309947013855,0.0017197855881282262,0.0033,0.0009000000000000001,7.737141847610474e-06,-5.140423774719238e-07,7.22309947013855e-06,0,0.0,0.0,0.0,0.0,0.0,0.0
16,0.08411061763763428,-0.0037637948989868164,36,6,0.08034682273864746,0.0019130195890154158,0.0036000000000000003,0.0006000000000000001,8.411061763763428e-06,-3.7637948989868167e-07,8.034682273864746e-06,0,0.0,0.0,0.0,0.0,0.0,0.0
17,0.08768969774246216,-0.0034990906715393066,35,7,0.08419060707092285,0.002004538263593401,0.0035,0.0007,8.768969774246216e-06,-3.499090671539307e-07,8.419060707092285e-06,0,0.0,0.0,0.0,0.0,0.0,0.0
18,0.10042160749435425,-0.002729654312133789,37,5,0.09769195318222046,0.0023259988852909635,0.0037,0.0005,1.0042160749435425e-05,-2.729654312133789e-07,9.769195318222046e-06,0,0.0,0.0,0.0,0.0,0.0,0.0
19,0.10230231285095215,-0.002001464366912842,37,5,0.1003008484840393,0.002388115440096174,0.0037,0.0005,1.0230231285095216e-05,-2.001464366912842e-07,1.0030084848403931e-05,0,0.0,0.0,0.0,0.0,0.0,0.0
20,0.1076611876487732,-0.0007020235061645508,38,4,0.10695916414260864,0.0025466467653002057,0.0038,0.0004,1.076611876487732e-05,-7.020235061645508e-08,1.0695916414260864e-05,0,0.0,0.0,0.0,0.0,0.0,0.0
21,0.11811321973800659,-0.0011808276176452637,38,4,0.11693239212036133,0.0027841045742943173,0.0038,0.0004,1.181132197380066e-05,-1.1808276176452637e-07,1.1693239212036133e-05,0,0.0,0.0,0.0,0.0,0.0,0.0
22,0.12730681896209717,-0.00028198957443237305,39,3,0.1270248293876648,0.0030244006997063046,0.0039000000000000003,0.00030000000000000003,1.2730681896209718e-05,-2.8198957443237306e-08,1.270248293876648e-05,0,0.0,0.0,0.0,0.0,0.0,0.0
23,0.12926775217056274,-0.00022673606872558594,40,2,0.12904101610183716,0.003072405145281837,0.004,0.0002,1.2926775217056275e-05,-2.2673606872558595e-08,1.2904101610183716e-05,0,0.0,0.0,0.0,0.0,0.0,0.0
24,0.12902432680130005,-0.00028133392333984375,40,2,0.1287429928779602,0.003065309354237148,0.004,0.0002,1.2902432680130005e-05,-2.8133392333984377e-08,1.287429928779602e-05,0,0.0,0.0,0.0,0.0,0.0,0.0
25,0.12971079349517822,-0.00018602609634399414,40,2,0.12952476739883423,0.0030839230333055767,0.004,0.0002,1.2971079349517823e-05,-1.8602609634399413e-08,1.2952476739883423e-05,0,0.0,0.0,0.0,0.0,0.0,0.0
26,0.1330896019935608,-0.00025665760040283203,40,2,0.13283294439315796,0.0031626891522180465,0.004,0.0002,1.330896019935608e-05,-2.5665760040283205e-08,1.3283294439315797e-05,0,0.0,0.0,0.0,0.0,0.0,0.0
27,0.1376262903213501,-0.00020372867584228516,40,2,0.1374225616455078,0.0032719657534644717,0.004,0.0002,1.376262903213501e-05,-2.0372867584228515e-08,1.3742256164550782e-05,0,0.0,0.0,0.0,0.0,0.0,0.0
28,0.13657861948013306,-0.00042682886123657227,40,2,0.13615179061889648,0.0032417093004499164,0.004,0.0002,1.3657861948013307e-05,-4.268288612365723e-08,1.3615179061889649e-05,0,0.0,0.0,0.0,0.0,0.0,0.0
29,0.1339404582977295,-0.00012034177780151367,40,2,0.13382011651992798,0.0031861932504744757,0.004,0.0002,1.3394045829772949e-05,-1.2034177780151367e-08,1.3382011651992798e-05,0,0.0,0.0,0.0,0.0,0.0,0.0
30,0.13155192136764526,-0.00044912099838256836,39,3,0.1311028003692627,0.003121495246887207,0.0039000000000000003,0.00030000000000000003,1.3155192136764527e-05,-4.491209983825684e-08,1.311028003692627e-05,0,0.0,0.0,0.0,0.0,0.0,0.0
31,0.13228636980056763,-0.0005333423614501953,40,2,0.13175302743911743,0.00313697684378851,0.004,0.0002,1.3228636980056764e-05,-5.3334236145019534e-08,1.3175302743911744e-05,0,0.0,0.0,0.0,0.0,0.0,0.0
32,0.1347416639328003,-0.0004788041114807129,40,2,0.13426285982131958,0.0031967347576504664,0.004,0.0002,1.3474166393280029e-05,-4.788041114807129e-08,1.3426285982131959e-05,0,0.0,0.0,0.0,0.0,0.0,0.0
33,0.13253945112228394,-0.00012195110321044922,40,2,0.1324175000190735,0.0031527976195017495,0.004,0.0002,1.3253945112228394e-05,-1.2195110321044922e-08,1.324175000190735e-05,0,0.0,0.0,0.0,0.0,0.0,0.0
34,0.13028305768966675,-0.0002008676528930664,41,1,0.13008219003677368,0.003097195000875564,0.0041,0.0001,1.3028305768966675e-05,-2.0086765289306642e-08,1.3008219003677369e-05,0,0.0,0.0,0.0,0.0,0.0,0.0
35,0.13269710540771484,-0.00013136863708496094,41,1,0.13256573677062988,0.0031563270659673783,0.0041,0.0001,1.3269710540771485e-05,-1.3136863708496094e-08,1.3256573677062988e-05,0,0.0,0.0,0.0,0.0,0.0,0.0
36,0.12997913360595703,-0.0002467632293701172,40,2,0.12973237037658691,0.0030888659613473074,0.004,0.0002,1.2997913360595704e-05,-2.467632293701172e-08,1.2973237037658693e-05,0,0.0,0.0,0.0,0.0,0.0,0.0
37,0.12953674793243408,-0.0001691579818725586,41,1,0.12936758995056152,0.003080180713108608,0.0041,0.0001,1.2953674793243409e-05,-1.691579818725586e-08,1.2936758995056152e-05,0,0.0,0.0,0.0,0.0,0.0,0.0
38,0.13200217485427856,-0.0001608133316040039,40,2,0.13184136152267456,0.003139080036254156,0.004,0.0002,1.3200217485427858e-05,-1.6081333160400393e-08,1.3184136152267457e-05,0,0.0,0.0,0.0,0.0,0.0,0.0
39,0.13343584537506104,-9.465217590332031e-05,41,1,0.13334119319915771,0.0031747903142656598,0.0041,0.0001,1.3343584537506104e-05,-9.465217590332031e-09,1.3334119319915772e-05,0,0.0,0.0,0.0,0.0,0.0,0.0
40,0.1329769492149353,-1.609325408935547e-05,41,1,0.13296085596084595,0.003165734665734427,0.0041,0.0001,1.3297694921493532e-05,-1.6093254089355469e-09,1.3296085596084595e-05,0,0.0,0.0,0.0,0.0,0.0,0.0
41,0.1355176568031311,-5.1081180572509766e-05,41,1,0.1354665756225586,0.0032253946576799664,0.0041,0.0001,1.3551765680313111e-05,-5.1081180572509765e-09,1.354665756225586e-05,0,0.0,0.0,0.0,0.0,0.0,0.0
42,0.14030194282531738,-0.00010120868682861328,41,1,0.14020073413848877,0.0033381127175830657,0.0041,0.0001,1.403019428253174e-05,-1.0120868682861329e-08,1.4020073413848878e-05,0,0.0,0.0,0.0,0.0,0.0,0.0
43,0.13519787788391113,-9.524822235107422e-05,41,1,0.13510262966156006,0.003216729277656192,0.0041,0.0001,1.3519787788391113e-05,-9.524822235107422e-09,1.3510262966156006e-05,0,0.0,0.0,0.0,0.0,0.0,0.0
44,0.13027364015579224,0.0,42,0,0.13027364015579224,0.0031017533370426725,0.004200000000000001,0.0,1.3027364015579224e-05,0.0,1.3027364015579224e-05,0,0.0,0.0,0.0,0.0,0.0,0.0
45,0.12766659259796143,0.0,42,0,0.12766659259796143,0.003039680776141939,0.004200000000000001,0.0,1.2766659259796144e-05,0.0,1.2766659259796144e-05,0,0.0,0.0,0.0,0.0,0.0,0.0
46,0.12177592515945435,-0.008481383323669434,40,2,0.11329454183578491,0.0026974890913282123,0.004,0.0002,1.2177592515945435e-05,-8.481383323669434e-07,1.1329454183578492e-05,0,0.0,0.0,0.0,0.0,0.0,0.0
47,0.1243135929107666,0.0,42,0,0.1243135929107666,0.0029598474502563477,0.004200000000000001,0.0,1.243135929107666e-05,0.0,1.243135929107666e-05,0,0.0,0.0,0.0,0.0,0.0,0.0
48,0.11531054973602295,0.0,42,0,0.11531054973602295,0.0027454892794291177,0.004200000000000001,0.0,1.1531054973602295e-05,0.0,1.1531054973602295e-05,0,0.0,0.0,0.0,0.0,0.0,0.0
49,0.12015146017074585,0.0,42,0,0.12015146017074585,0.002860749051684425,0.004200000000000001,0.0,1.2015146017074585e-05,0.0,1.2015146017074585e-05,0,0.0,0.0,0.0,0.0,0.0,0.0
50,0.12026065587997437,0.0,42,0,0.12026065587997437,0.002863348949523199,0.004200000000000001,0.0,1.2026065587997437e-05,0.0,1.2026065587997437e-05,0,0.0,0.0,0.0,0.0,0.0,0.0
51,0.11591458320617676,0.0,42,0,0.11591458320617676,0.0027598710287184943,0.004200000000000001,0.0,1.1591458320617677e-05,0.0,1.1591458320617677e-05,0,0.0,0.0,0.0,0.0,0.0,0.0
52,0.11598581075668335,0.0,42,0,0.11598581075668335,0.002761566922778175,0.004200000000000001,0.0,1.1598581075668336e-05,0.0,1.1598581075668336e-05,0,0.0,0.0,0.0,0.0,0.0,0.0
53,0.11650735139846802,-5.4001808166503906e-05,41,1,0.11645334959030151,0.0027726987997690835,0.0041,0.0001,1.1650735139846802e-05,-5.400180816650391e-09,1.1645334959030152e-05,0,0.0,0.0,0.0,0.0,0.0,0.0
54,0.11582446098327637,-4.559755325317383e-05,41,1,0.1157788634300232,0.0027566396054767425,0.0041,0.0001,1.1582446098327637e-05,-4.559755325317383e-09,1.157788634300232e-05,0,0.0,0.0,0.0,0.0,0.0,0.0
55,0.11692482233047485,-0.00012254714965820312,41,1,0.11680227518081665,0.002781006551924206,0.0041,0.0001,1.1692482233047486e-05,-1.2254714965820313e-08,1.1680227518081665e-05,0,0.0,0.0,0.0,0.0,0.0,0.0
56,0.11659371852874756,0.0,42,0,0.11659371852874756,0.002776040917351132,0.004200000000000001,0.0,1.1659371852874757e-05,0.0,1.1659371852874757e-05,0,0.0,0.0,0.0,0.0,0.0,0.0
57,0.11513662338256836,0.0,42,0,0.11513662338256836,0.002741348175775437,0.004200000000000001,0.0,1.1513662338256836e-05,0.0,1.1513662338256836e-05,0,0.0,0.0,0.0,0.0,0.0,0.0
58,0.11265319585800171,-0.00010651350021362305,41,1,0.11254668235778809,0.0026796829132806686,0.0041,0.0001,1.1265319585800172e-05,-1.0651350021362305e-08,1.1254668235778809e-05,0,0.0,0.0,0.0,0.0,0.0,0.0
59,0.11201506853103638,-0.00017851591110229492,39,3,0.11183655261993408,0.002662775062379383,0.0039000000000000003,0.00030000000000000003,1.1201506853103638e-05,-1.785159111022949e-08,1.1183655261993409e-05,0,0.0,0.0,0.0,0.0,0.0,0.0
60,0.11290693283081055,-1.5497207641601562e-05,41,1,0.11289143562316895,0.0026878913243611655,0.0041,0.0001,1.1290693283081055e-05,-1.5497207641601564e-09,1.1289143562316896e-05,0,0.0,0.0,0.0,0.0,0.0,0.0
61,0.11331939697265625,0.0,42,0,0.11331939697265625,0.0026980808803013395,0.004200000000000001,0.0,1.1331939697265625e-05,0.0,1.1331939697265625e-05,0,0.0,0.0,0.0,0.0,0.0,0.0
62,0.11278635263442993,0.0,42,0,0.11278635263442993,0.002685389348438808,0.004200000000000001,0.0,1.1278635263442994e-05,0.0,1.1278635263442994e-05,0,0.0,0.0,0.0,0.0,0.0,0.0
63,0.11314612627029419,0.0,42,0,0.11314612627029419,0.002693955387387957,0.004200000000000001,0.0,1.131461262702942e-05,0.0,1.131461262702942e-05,0,0.0,0.0,0.0,0.0,0.0,0.0
64,0.11294734477996826,0.0,42,0,0.11294734477996826,0.002689222494761149,0.004200000000000001,0.0,1.1294734477996827e-05,0.0,1.1294734477996827e-05,0,0.0,0.0,0.0,0.0,0.0,0.0
65,0.11391973495483398,0.0,42,0,0.11391973495483398,0.0027123746417817615,0.004200000000000001,0.0,1.13919734954834e-05,0.0,1.13919734954834e-05,0,0.0,0.0,0.0,0.0,0.0,0.0
66,0.11509758234024048,0.0,42,0,0.11509758234024048,0.0027404186271485827,0.004200000000000001,0.0,1.150975823402405e-05,0.0,1.150975823402405e-05,0,0.0,0.0,0.0,0.0,0.0,0.0
67,0.11526614427566528,0.0,42,0,0.11526614427566528,0.002744432006563459,0.004200000000000001,0.0,1.1526614427566528e-05,0.0,1.1526614427566528e-05,0,0.0,0.0,0.0,0.0,0.0,0.0
68,0.11880970001220703,0.0,42,0,0.11880970001220703,0.0028288023812430246,0.004200000000000001,0.0,1.1880970001220703e-05,0.0,1.1880970001220703e-05,0,0.0,0.0,0.0,0.0,0.0,0.0
69,0.12377125024795532,0.0,42,0,0.12377125024795532,0.002946934529713222,0.004200000000000001,0.0,1.2377125024795533e-05,0.0,1.2377125024795533e-05,0,0.0,0.0,0.0,0.0,0.0,0.0
70,0.12278151512145996,0.0,42,0,0.12278151512145996,0.0029233694076538086,0.004200000000000001,0.0,1.2278151512145996e-05,0.0,1.2278151512145996e-05,0,0.0,0.0,0.0,0.0,0.0,0.0
71,0.12270498275756836,-0.0004075765609741211,41,1,0.12229740619659424,0.002911843004680815,0.0041,0.0001,1.2270498275756836e-05,-4.0757656097412114e-08,1.2229740619659425e-05,0,0.0,0.0,0.0,0.0,0.0,0.0
72,0.12396228313446045,-0.0008484125137329102,40,2,0.12311387062072754,0.0029312826338268464,0.004,0.0002,1.2396228313446045e-05,-8.484125137329102e-08,1.2311387062072754e-05,0,0.0,0.0,0.0,0.0,0.0,0.0
73,0.12371969223022461,0.0,42,0,0.12371969223022461,0.002945706957862491,0.004200000000000001,0.0,1.2371969223022462e-05,0.0,1.2371969223022462e-05,0,0.0,0.0,0.0,0.0,0.0,0.0
74,0.1282680630683899,0.0,42,0,0.1282680630683899,0.0030540015016283307,0.004200000000000001,0.0,1.282680630683899e-05,0.0,1.282680630683899e-05,0,0.0,0.0,0.0,0.0,0.0,0.0
75,0.1388387680053711,0.0,42,0,0.1388387680053711,0.0033056849525088354,0.004200000000000001,0.0,1.388387680053711e-05,0.0,1.388387680053711e-05,0,0.0,0.0,0.0,0.0,0.0,0.0
76,0.15973907709121704,0.0,42,0,0.15973907709121704,0.0038033113593146915,0.004200000000000001,0.0,1.5973907709121705e-05,0.0,1.5973907709121705e-05,0,0.0,0.0,0.0,0.0,0.0,0.0
77,0.16014790534973145,0.0,42,0,0.16014790534973145,0.0038130453654697965,0.004200000000000001,0.0,1.6014790534973145e-05,0.0,1.6014790534973145e-05,0,0.0,0.0,0.0,0.0,0.0,0.0
78,0.14884686470031738,0.0,42,0,0.14884686470031738,0.0035439729690551758,0.004200000000000001,0.0,1.4884686470031739e-05,0.0,1.4884686470031739e-05,0,0.0,0.0,0.0,0.0,0.0,0.0
79,0.14119058847427368,0.0,42,0,0.14119058847427368,0.003361680677958897,0.004200000000000001,0.0,1.4119058847427368e-05,0.0,1.4119058847427368e-05,0,0.0,0.0,0.0,0.0,0.0,0.0
80,0.14476722478866577,0.0,42,0,0.14476722478866577,0.0034468386854444233,0.004200000000000001,0.0,1.4476722478866578e-05,0.0,1.4476722478866578e-05,0,0.0,0.0,0.0,0.0,0.0,0.0
81,0.14675337076187134,0.0,42,0,0.14675337076187134,0.0034941278752826507,0.004200000000000001,0.0,1.4675337076187135e-05,0.0,1.4675337076187135e-05,0,0.0,0.0,0.0,0.0,0.0,0.0
82,0.135728657245636,0.0,42,0,0.135728657245636,0.0032316346963246665,0.004200000000000001,0.0,1.3572865724563599e-05,0.0,1.3572865724563599e-05,0,0.0,0.0,0.0,0.0,0.0,0.0
83,0.12997722625732422,0.0,42,0,0.12997722625732422,0.0030946958632696244,0.004200000000000001,0.0,1.2997722625732423e-05,0.0,1.2997722625732423e-05,0,0.0,0.0,0.0,0.0,0.0,0.0
84,0.11913442611694336,0.0,42,0,0.11913442611694336,0.002836533955165318,0.004200000000000001,0.0,1.1913442611694336e-05,0.0,1.1913442611694336e-05,0,0.0,0.0,0.0,0.0,0.0,0.0
85,0.11486279964447021,0.0,42,0,0.11486279964447021,0.0027348285629635767,0.004200000000000001,0.0,1.1486279964447023e-05,0.0,1.1486279964447023e-05,0,0.0,0.0,0.0,0.0,0.0,0.0
86,0.11149060726165771,-0.00022113323211669922,41,1,0.11126947402954102,0.002649273191179548,0.0041,0.0001,1.1149060726165773e-05,-2.2113323211669922e-08,1.1126947402954102e-05,0,0.0,0.0,0.0,0.0,0.0,0.0
87,0.10963499546051025,0.0,42,0,0.10963499546051025,0.0026103570347740536,0.004200000000000001,0.0,1.0963499546051026e-05,0.0,1.0963499546051026e-05,0,0.0,0.0,0.0,0.0,0.0,0.0
88,0.10749578475952148,-0.00028908252716064453,40,2,0.10720670223236084,0.0025525405293419247,0.004,0.0002,1.074957847595215e-05,-2.8908252716064456e-08,1.0720670223236084e-05,0,0.0,0.0,0.0,0.0,0.0,0.0
89,0.10877639055252075,-9.834766387939453e-05,41,1,0.10867804288864136,0.0025875724497295563,0.0041,0.0001,1.0877639055252075e-05,-9.834766387939454e-09,1.0867804288864136e-05,0,0.0,0.0,0.0,0.0,0.0,0.0
90,0.10757791996002197,-0.0003612041473388672,40,2,0.1072167158126831,0.0025527789479210263,0.004,0.0002,1.0757791996002198e-05,-3.612041473388672e-08,1.0721671581268312e-05,0,0.0,0.0,0.0,0.0,0.0,0.0
91,0.10207551717758179,-0.00034290552139282227,41,1,0.10173261165618896,0.0024222050394330707,0.0041,0.0001,1.0207551717758179e-05,-3.429055213928223e-08,1.0173261165618897e-05,0,0.0,0.0,0.0,0.0,0.0,0.0
92,0.10178118944168091,-0.0001475811004638672,41,1,0.10163360834121704,0.002419847817648025,0.0041,0.0001,1.0178118944168091e-05,-1.475811004638672e-08,1.0163360834121704e-05,0,0.0,0.0,0.0,0.0,0.0,0.0
93,0.10515981912612915,-0.0004850029945373535,40,2,0.1046748161315918,0.0024922575269426617,0.004,0.0002,1.0515981912612915e-05,-4.850029945373536e-08,1.046748161315918e-05,0,0.0,0.0,0.0,0.0,0.0,0.0
94,0.1044275164604187,-0.00021982192993164062,41,1,0.10420769453048706,0.0024811355840592157,0.0041,0.0001,1.044275164604187e-05,-2.1982192993164063e-08,1.0420769453048706e-05,0,0.0,0.0,0.0,0.0,0.0,0.0
95,0.10010313987731934,-0.0003433823585510254,41,1,0.09975975751876831,0.002375232321875436,0.0041,0.0001,1.0010313987731934e-05,-3.433823585510254e-08,9.975975751876831e-06,0,0.0,0.0,0.0,0.0,0.0,0.0
96,0.10268259048461914,-0.0003008246421813965,41,1,0.10238176584243774,0.002437661091486613,0.0041,0.0001,1.0268259048461915e-05,-3.008246421813965e-08,1.0238176584243775e-05,0,0.0,0.0,0.0,0.0,0.0,0.0
97,0.09892749786376953,-0.00047069787979125977,40,2,0.09845679998397827,0.0023442095234280542,0.004,0.0002,9.892749786376954e-06,-4.706978797912598e-08,9.845679998397827e-06,0,0.0,0.0,0.0,0.0,0.0,0.0
98,0.09413480758666992,-0.0002714991569519043,41,1,0.09386330842971802,0.002234840676898048,0.0041,0.0001,9.413480758666993e-06,-2.714991569519043e-08,9.386330842971803e-06,0,0.0,0.0,0.0,0.0,0.0,0.0
99,0.09037536382675171,-0.00673985481262207,40,2,0.08363550901412964,0.001991321643193563,0.004,0.0002,9.037536382675172e-06,-6.739854812622071e-07,8.363550901412964e-06,0,0.0,0.0,0.0,0.0,0.0,0.0
100,0.09390377998352051,-0.0005668401718139648,40,2,0.09333693981170654,0.0022223080907549176,0.004,0.0002,9.39037799835205e-06,-5.668401718139649e-08,9.333693981170654e-06,0,0.0,0.0,0.0,0.0,0.0,0.0
101,0.10141754150390625,-0.0005560517311096191,40,2,0.10086148977279663,0.0024014640422094437,0.004,0.0002,1.0141754150390626e-05,-5.560517311096192e-08,1.0086148977279663e-05,0,0.0,0.0,0.0,0.0,0.0,0.0
102,0.10386347770690918,-1.2278556823730469e-05,41,1,0.10385119915008545,0.002472647598811558,0.0041,0.0001,1.0386347770690919e-05,-1.2278556823730469e-09,1.0385119915008546e-05,0,0.0,0.0,0.0,0.0,0.0,0.0
103,0.10664832592010498,0.0,42,0,0.10664832592010498,0.002539245855240595,0.004200000000000001,0.0,1.06648325920105e-05,0.0,1.06648325920105e-05,0,0.0,0.0,0.0,0.0,0.0,0.0
104,0.10976630449295044,0.0,42,0,0.10976630449295044,0.002613483440308344,0.004200000000000001,0.0,1.0976630449295045e-05,0.0,1.0976630449295045e-05,0,0.0,0.0,0.0,0.0,0.0,0.0
105,0.11298370361328125,0.0,42,0,0.11298370361328125,0.002690088181268601,0.004200000000000001,0.0,1.1298370361328126e-05,0.0,1.1298370361328126e-05,0,0.0,0.0,0.0,0.0,0.0,0.0
106,0.11126571893692017,-0.0005453228950500488,41,1,0.11072039604187012,0.0026361999057588122,0.0041,0.0001,1.1126571893692017e-05,-5.4532289505004886e-08,1.1072039604187012e-05,0,0.0,0.0,0.0,0.0,0.0,0.0
107,0.11833387613296509,-0.0007233023643493652,39,3,0.11761057376861572,0.0028002517563956125,0.0039000000000000003,0.00030000000000000003,1.183338761329651e-05,-7.233023643493652e-08,1.1761057376861573e-05,0,0.0,0.0,0.0,0.0,0.0,0.0
108,0.11367648839950562,-0.0009391903877258301,39,3,0.11273729801177979,0.0026842213812328522,0.0039000000000000003,0.00030000000000000003,1.1367648839950562e-05,-9.391903877258301e-08,1.127372980117798e-05,0,0.0,0.0,0.0,0.0,0.0,0.0
109,0.10697633028030396,-0.0014498233795166016,38,4,0.10552650690078735,0.002512535878590175,0.0038,0.0004,1.0697633028030396e-05,-1.4498233795166015e-07,1.0552650690078736e-05,0,0.0,0.0,0.0,0.0,0.0,0.0
110,0.09971380233764648,-0.0013217926025390625,39,3,0.09839200973510742,0.0023426668984549387,0.0039000000000000003,0.00030000000000000003,9.971380233764649e-06,-1.3217926025390625e-07,9.839200973510742e-06,0,0.0,0.0,0.0,0.0,0.0,0.0
111,0.09260809421539307,-0.000837862491607666,38,4,0.0917702317237854,0.002185005517232986,0.0038,0.0004,9.260809421539306e-06,-8.378624916076661e-08,9.17702317237854e-06,0,0.0,0.0,0.0,0.0,0.0,0.0
112,0.0861058235168457,-0.001198410987854004,37,5,0.0849074125289917,0.002021605060214088,0.0037,0.0005,8.61058235168457e-06,-1.198410987854004e-07,8.49074125289917e-06,0,0.0,0.0,0.0,0.0,0.0,0.0
113,0.08408266305923462,-0.002007722854614258,37,5,0.08207494020462036,0.0019541652429671515,0.0037,0.0005,8.408266305923463e-06,-2.007722854614258e-07,8.207494020462037e-06,0,0.0,0.0,0.0,0.0,0.0,0.0
114,0.08407729864120483,-0.002113938331604004,37,5,0.08196336030960083,0.0019515085788000199,0.0037,0.0005,8.407729864120484e-06,-2.113938331604004e-07,8.196336030960084e-06,0,0.0,0.0,0.0,0.0,0.0,0.0
115,0.08095365762710571,-0.004363596439361572,35,7,0.07659006118774414,0.0018235728854224796,0.0035,0.0007,8.095365762710571e-06,-4.363596439361572e-07,7.659006118774415e-06,0,0.0,0.0,0.0,0.0,0.0,0.0
116,0.07774800062179565,-0.00931006669998169,35,7,0.06843793392181396,0.0016294746171860467,0.0035,0.0007,7.774800062179566e-06,-9.310066699981689e-07,6.8437933921813965e-06,0,0.0,0.0,0.0,0.0,0.0,0.0
117,0.07062584161758423,-0.011857450008392334,35,7,0.058768391609191895,0.0013992474192664737,0.0035,0.0007,7.0625841617584235e-06,-1.1857450008392334e-06,5.87683916091919e-06,0,0.0,0.0,0.0,0.0,0.0,0.0
118,0.0700649619102478,-0.008610963821411133,35,7,0.06145399808883667,0.0014631904306865874,0.0035,0.0007,7.006496191024781e-06,-8.610963821411134e-07,6.145399808883667e-06,0,0.0,0.0,0.0,0.0,0.0,0.0
119,0.07463067770004272,-0.002704918384552002,36,6,0.07192575931549072,0.0017125180789402553,0.0036000000000000003,0.0006000000000000001,7.463067770004273e-06,-2.704918384552002e-07,7.192575931549073e-06,0,0.0,0.0,0.0,0.0,0.0,0.0
120,0.07952231168746948,-0.002808868885040283,36,6,0.0767134428024292,0.001826510542914981,0.0036000000000000003,0.0006000000000000001,7.952231168746949e-06,-2.8088688850402834e-07,7.67134428024292e-06,0,0.0,0.0,0.0,0.0,0.0,0.0
121,0.07889401912689209,-0.002665698528289795,37,5,0.0762283205986023,0.0018149600142524356,0.0037,0.0005,7.889401912689209e-06,-2.6656985282897953e-07,7.62283205986023e-06,0,0.0,0.0,0.0,0.0,0.0,0.0
122,0.07572251558303833,-0.003155350685119629,36,6,0.0725671648979187,0.0017277896404266357,0.0036000000000000003,0.0006000000000000001,7.572251558303833e-06,-3.155350685119629e-07,7.25671648979187e-06,0,0.0,0.0,0.0,0.0,0.0,0.0
123,0.07001495361328125,-0.002910912036895752,35,7,0.0671040415763855,0.0015977152756282262,0.0035,0.0007,7.0014953613281255e-06,-2.910912036895752e-07,6.71040415763855e-06,0,0.0,0.0,0.0,0.0,0.0,0.0
124,0.06921118497848511,-0.003531217575073242,34,8,0.06567996740341187,0.0015638087477002824,0.0034000000000000002,0.0008,6.921118497848511e-06,-3.5312175750732424e-07,6.567996740341187e-06,0,0.0,0.0,0.0,0.0,0.0,0.0
125,0.06817156076431274,-0.00414806604385376,34,8,0.06402349472045898,0.0015243689219156902,0.0034000000000000002,0.0008,6.8171560764312745e-06,-4.14806604385376e-07,6.402349472045899e-06,0,0.0,0.0,0.0,0.0,0.0,0.0
126,0.06640839576721191,-0.004345953464508057,33,9,0.06206244230270386,0.0014776771976834251,0.0033,0.0009000000000000001,6.640839576721191e-06,-4.345953464508057e-07,6.206244230270386e-06,0,0.0,0.0,0.0,0.0,0.0,0.0
127,0.06313329935073853,-0.0057544708251953125,33,9,0.05737882852554321,0.0013661625839415052,0.0033,0.0009000000000000001,6.313329935073853e-06,-5.754470825195313e-07,5.737882852554322e-06,0,0.0,0.0,0.0,0.0,0.0,0.0
128,0.06244254112243652,-0.0068015456199646,33,9,0.055640995502471924,0.0013247856072017125,0.0033,0.0009000000000000001,6.2442541122436525e-06,-6.8015456199646e-07,5.564099550247192e-06,0,0.0,0.0,0.0,0.0,0.0,0.0
129,0.061190664768218994,-0.012027144432067871,32,10,0.04916352033615112,0.0011705600080035982,0.0032,0.001,6.119066476821899e-06,-1.2027144432067871e-06,4.916352033615113e-06,0,0.0,0.0,0.0,0.0,0.0,0.0
130,0.06612026691436768,-0.018552660942077637,30,12,0.04756760597229004,0.0011325620469592867,0.003,0.0012000000000000001,6.612026691436768e-06,-1.8552660942077637e-06,4.756760597229004e-06,0,0.0,0.0,0.0,0.0,0.0,0.0
131,0.06657254695892334,-0.01989954710006714,29,13,0.0466729998588562,0.0011112619014013382,0.0029000000000000002,0.0013000000000000002,6.657254695892334e-06,-1.989954710006714e-06,4.66729998588562e-06,0,0.0,0.0,0.0,0.0,0.0,0.0
132,0.07111871242523193,-0.01912975311279297,27,15,0.051988959312438965,0.0012378323645818802,0.0027,0.0015,7.111871242523194e-06,-1.912975311279297e-06,5.198895931243896e-06,0,0.0,0.0,0.0,0.0,0.0,0.0
133,0.08334708213806152,-0.015149235725402832,27,15,0.06819784641265869,0.0016237582479204451,0.0027,0.0015,8.334708213806153e-06,-1.5149235725402832e-06,6.819784641265869e-06,0,0.0,0.0,0.0,0.0,0.0,0.0
134,0.08531051874160767,-0.010403096675872803,28,14,0.07490742206573486,0.0017835100491841633,0.0028,0.0014,8.531051874160768e-06,-1.0403096675872804e-06,7.490742206573486e-06,0,0.0,0.0,0.0,0.0,0.0,0.0
135,0.08490228652954102,-0.00958019495010376,28,14,0.07532209157943726,0.0017933831328437442,0.0028,0.0014,8.490228652954103e-06,-9.58019495010376e-07,7.532209157943726e-06,0,0.0,0.0,0.0,0.0,0.0,0.0
136,0.08319306373596191,-0.009133398532867432,29,13,0.07405966520309448,0.0017633253619784401,0.0029000000000000002,0.0013000000000000002,8.319306373596192e-06,-9.133398532867433e-07,7.405966520309449e-06,0,0.0,0.0,0.0,0.0,0.0,0.0
137,0.08169132471084595,-0.00975579023361206,28,14,0.07193553447723389,0.0017127508208865212,0.0028,0.0014,8.169132471084596e-06,-9.75579023361206e-07,7.193553447723389e-06,0,0.0,0.0,0.0,0.0,0.0,0.0
138,0.0771520733833313,-0.01013326644897461,30,12,0.06701880693435669,0.001595685879389445,0.003,0.0012000000000000001,7.715207338333131e-06,-1.013326644897461e-06,6.701880693435669e-06,0,0.0,0.0,0.0,0.0,0.0,0.0
139,0.06776207685470581,-0.01068103313446045,29,13,0.05708104372024536,0.0013590724695296515,0.0029000000000000002,0.0013000000000000002,6.776207685470581e-06,-1.068103313446045e-06,5.708104372024537e-06,0,0.0,0.0,0.0,0.0,0.0,0.0
140,0.061464905738830566,-0.010393142700195312,29,13,0.051071763038635254,0.0012159943580627441,0.0029000000000000002,0.0013000000000000002,6.146490573883057e-06,-1.0393142700195313e-06,5.107176303863526e-06,0,0.0,0.0,0.0,0.0,0.0,0.0
141,0.06607931852340698,-0.011844873428344727,27,15,0.054234445095062256,0.0012912963117871965,0.0027,0.0015,6.6079318523406985e-06,-1.1844873428344728e-06,5.423444509506226e-06,0,0.0,0.0,0.0,0.0,0.0,0.0
142,0.08058357238769531,-0.013404369354248047,26,16,0.06717920303344727,0.0015995048341296968,0.0026000000000000003,0.0016,8.058357238769531e-06,-1.3404369354248048e-06,6.7179203033447265e-06,0,0.0,0.0,0.0,0.0,0.0,0.0
143,0.0803108811378479,-0.01454395055770874,26,16,0.06576693058013916,0.0015658792995271228,0.0026000000000000003,0.0016,8.031088113784791e-06,-1.454395055770874e-06,6.576693058013916e-06,0,0.0,0.0,0.0,0.0,0.0,0.0
144,0.07562035322189331,-0.05026102066040039,25,17,0.02535933256149292,0.0006037936324164981,0.0025,0.0017000000000000001,7.562035322189331e-06,-5.026102066040039e-06,2.535933256149292e-06,0,0.0,0.0,0.0,0.0,0.0,0.0
145,0.07213860750198364,-0.016519904136657715,25,17,0.05561870336532593,0.0013242548420315697,0.0025,0.0017000000000000001,7.213860750198365e-06,-1.6519904136657716e-06,5.561870336532593e-06,0,0.0,0.0,0.0,0.0,0.0,0.0
146,0.06092804670333862,-0.017085015773773193,25,17,0.04384303092956543,0.001043881688799177,0.0025,0.0017000000000000001,6.092804670333863e-06,-1.7085015773773194e-06,4.384303092956543e-06,0,0.0,0.0,0.0,0.0,0.0,0.0
147,0.048806190490722656,-0.0182645320892334,25,17,0.030541658401489258,0.0007271823428926014,0.0025,0.0017000000000000001,4.880619049072266e-06,-1.82645320892334e-06,3.054165840148926e-06,0,0.0,0.0,0.0,0.0,0.0,0.0
148,0.04683065414428711,-0.019706308841705322,24,18,0.027124345302581787,0.0006458177452995663,0.0024000000000000002,0.0018000000000000002,4.6830654144287115e-06,-1.9706308841705323e-06,2.7124345302581788e-06,0,0.0,0.0,0.0,0.0,0.0,0.0
149,0.0440899133682251,-0.019935429096221924,24,18,0.024154484272003174,0.000575106768381028,0.0024000000000000002,0.0018000000000000002,4.40899133682251e-06,-1.9935429096221925e-06,2.4154484272003176e-06,0,0.0,0.0,0.0,0.0,0.0,0.0
150,0.04064348340034485,-0.02136904001235962,24,18,0.01927444338798523,0.0004589153187615531,0.0024000000000000002,0.0018000000000000002,4.064348340034485e-06,-2.136904001235962e-06,1.927444338798523e-06,0,0.0,0.0,0.0,0.0,0.0,0.0
151,0.039390355348587036,-0.0221422016620636,24,18,0.017248153686523438,0.00041067032586960563,0.0024000000000000002,0.0018000000000000002,3.939035534858704e-06,-2.21422016620636e-06,1.7248153686523437e-06,0,0.0,0.0,0.0,0.0,0.0,0.0
152,0.03607258200645447,-0.023864954710006714,24,18,0.012207627296447754,0.0002906577927725656,0.0024000000000000002,0.0018000000000000002,3.607258200645447e-06,-2.3864954710006714e-06,1.2207627296447755e-06,0,0.0,0.0,0.0,0.0,0.0,0.0
153,0.03524976968765259,-0.02374616265296936,22,20,0.011503607034683228,0.0002738954055876959,0.0022,0.002,3.524976968765259e-06,-2.374616265296936e-06,1.1503607034683227e-06,0,0.0,0.0,0.0,0.0,0.0,0.0
154,0.033171117305755615,-0.024364352226257324,22,20,0.008806765079498291,0.0002096848828451974,0.0022,0.002,3.317111730575562e-06,-2.4364352226257326e-06,8.806765079498292e-07,0,0.0,0.0,0.0,0.0,0.0,0.0
155,0.033435165882110596,-0.026471436023712158,22,20,0.0069637298583984375,0.00016580309186662947,0.0022,0.002,3.3435165882110597e-06,-2.647143602371216e-06,6.963729858398438e-07,0,0.0,0.0,0.0,0.0,0.0,0.0
156,0.034338802099227905,-0.02467864751815796,22,20,0.009660154581069946,0.00023000368050166538,0.0022,0.002,3.4338802099227907e-06,-2.467864751815796e-06,9.660154581069948e-07,0,0.0,0.0,0.0,0.0,0.0,0.0
157,0.033167868852615356,-0.025485992431640625,22,20,0.0076818764209747314,0.00018290181954701742,0.0022,0.002,3.3167868852615357e-06,-2.5485992431640626e-06,7.681876420974731e-07,0,0.0,0.0,0.0,0.0,0.0,0.0
158,0.031425684690475464,-0.026931822299957275,21,21,0.0044938623905181885,0.0001069967235837664,0.0021000000000000003,0.0021000000000000003,3.1425684690475466e-06,-2.6931822299957276e-06,4.4938623905181887e-07,0,0.0,0.0,0.0,0.0,0.0,0.0
159,0.031874656677246094,-0.02778574824333191,20,22,0.004088908433914185,9.735496271224249e-05,0.002,0.0022,3.1874656677246096e-06,-2.778574824333191e-06,4.0889084339141847e-07,0,0.0,0.0,0.0,0.0,0.0,0.0
160,0.030920088291168213,-0.029373377561569214,21,21,0.001546710729598999,3.682644594283331e-05,0.0021000000000000003,0.0021000000000000003,3.0920088291168215e-06,-2.9373377561569217e-06,1.5467107295989992e-07,0,0.0,0.0,0.0,0.0,0.0,0.0
161,0.029984235763549805,-0.03117617964744568,20,22,-0.001191943883895874,-2.8379616283235097e-05,0.002,0.0022,2.9984235763549804e-06,-3.117617964744568e-06,-1.1919438838958741e-07,0,0.0,0.0,0.0,0.0,0.0,0.0
162,0.02754727005958557,-0.03278541564941406,20,22,-0.005238145589828491,-0.0001247177521387736,0.002,0.0022,2.754727005958557e-06,-3.2785415649414064e-06,-5.238145589828491e-07,0,0.0,0.0,0.0,0.0,0.0,0.0
163,0.025495976209640503,-0.033859193325042725,20,22,-0.008363217115402222,-0.00019912421703338623,0.002,0.0022,2.5495976209640505e-06,-3.3859193325042725e-06,-8.363217115402222e-07,0,0.0,0.0,0.0,0.0,0.0,0.0
164,0.023588061332702637,-0.035826653242111206,19,23,-0.01223859190940857,-0.0002913950454621088,0.0019,0.0023,2.358806133270264e-06,-3.582665324211121e-06,-1.223859190940857e-06,0,0.0,0.0,0.0,0.0,0.0,0.0
165,0.02395358681678772,-0.03662896156311035,19,23,-0.012675374746322632,-0.0003017946368172055,0.0019,0.0023,2.3953586816787723e-06,-3.6628961563110353e-06,-1.2675374746322632e-06,0,0.0,0.0,0.0,0.0,0.0,0.0
166,0.022844552993774414,-0.03922766447067261,19,23,-0.016383111476898193,-0.00039007408278329033,0.0019,0.0023,2.2844552993774413e-06,-3.922766447067261e-06,-1.6383111476898193e-06,0,0.0,0.0,0.0,0.0,0.0,0.0
167,0.022683143615722656,-0.04142388701438904,18,24,-0.018740743398666382,-0.00044620817615872337,0.0018000000000000002,0.0024000000000000002,2.268314361572266e-06,-4.142388701438904e-06,-1.8740743398666383e-06,0,0.0,0.0,0.0,0.0,0.0,0.0
168,0.020563989877700806,-0.04361352324485779,16,26,-0.023049533367156982,-0.0005487984135037376,0.0016,0.0026000000000000003,2.0563989877700806e-06,-4.361352324485779e-06,-2.3049533367156985e-06,0,0.0,0.0,0.0,0.0,0.0,0.0
169,0.022120624780654907,-0.046447157859802246,18,24,-0.02432653307914734,-0.0005792031685511271,0.0018000000000000002,0.0024000000000000002,2.212062478065491e-06,-4.644715785980225e-06,-2.432653307914734e-06,0,0.0,0.0,0.0,0.0,0.0,0.0
170,0.020388931035995483,-0.048124343156814575,17,25,-0.027735412120819092,-0.0006603669552575974,0.0017000000000000001,0.0025,2.0388931035995483e-06,-4.8124343156814574e-06,-2.773541212081909e-06,0,0.0,0.0,0.0,0.0,0.0,0.0
171,0.017223238945007324,-0.04903307557106018,15,27,-0.031809836626052856,-0.000757377062525068,0.0015,0.0027,1.7223238945007325e-06,-4.903307557106018e-06,-3.180983662605286e-06,0,0.0,0.0,0.0,0.0,0.0,0.0
172,0.0162808895111084,-0.052701860666275024,15,27,-0.036420971155166626,-0.0008671659798849197,0.0015,0.0027,1.62808895111084e-06,-5.270186066627502e-06,-3.6420971155166626e-06,0,0.0,0.0,0.0,0.0,0.0,0.0
173,0.01525619626045227,-0.056094855070114136,14,28,-0.040838658809661865,-0.0009723490192776634,0.0014,0.0028,1.5256196260452272e-06,-5.609485507011414e-06,-4.083865880966187e-06,0,0.0,0.0,0.0,0.0,0.0,0.0
174,0.013107389211654663,-0.05860605835914612,12,30,-0.045498669147491455,-0.0010833016463688441,0.0012000000000000001,0.003,1.3107389211654665e-06,-5.860605835914612e-06,-4.549866914749146e-06,0,0.0,0.0,0.0,0.0,0.0,0.0
175,0.012750416994094849,-0.05742228031158447,13,29,-0.044671863317489624,-0.0010636157932735625,0.0013000000000000002,0.0029000000000000002,1.275041699409485e-06,-5.742228031158447e-06,-4.4671863317489625e-06,0,0.0,0.0,0.0,0.0,0.0,0.0
176,0.01096111536026001,-0.05883443355560303,11,31,-0.04787331819534302,-0.001139840909412929,0.0011,0.0031000000000000003,1.096111536026001e-06,-5.883443355560303e-06,-4.787331819534302e-06,0,0.0,0.0,0.0,0.0,0.0,0.0
177,0.01024124026298523,-0.060495615005493164,13,29,-0.050254374742507935,-0.0011965327319644746,0.0013000000000000002,0.0029000000000000002,1.024124026298523e-06,-6.049561500549316e-06,-5.025437474250793e-06,0,0.0,0.0,0.0,0.0,0.0,0.0
178,0.00952380895614624,-0.0628109872341156,11,31,-0.05328717827796936,-0.0012687423399516515,0.0011,0.0031000000000000003,9.523808956146241e-07,-6.28109872341156e-06,-5.328717827796936e-06,0,0.0,0.0,0.0,0.0,0.0,0.0
179,0.00878000259399414,-0.06582611799240112,11,31,-0.05704611539840698,-0.0013582408428192139,0.0011,0.0031000000000000003,8.780002593994141e-07,-6.582611799240112e-06,-5.704611539840699e-06,0,0.0,0.0,0.0,0.0,0.0,0.0
180,0.008123606443405151,-0.06779929995536804,10,32,-0.05967569351196289,-0.001420849845522926,0.001,0.0032,8.123606443405152e-07,-6.779929995536804e-06,-5.9675693511962894e-06,0,0.0,0.0,0.0,0.0,0.0,0.0
181,0.007141232490539551,-0.06679663062095642,9,33,-0.05965539813041687,-0.0014203666221527826,0.0009000000000000001,0.0033,7.141232490539551e-07,-6.6796630620956425e-06,-5.965539813041687e-06,0,0.0,0.0,0.0,0.0,0.0,0.0
182,0.006402552127838135,-0.06786903738975525,9,33,-0.061466485261917114,-0.0014634877443313599,0.0009000000000000001,0.0033,6.402552127838135e-07,-6.786903738975525e-06,-6.146648526191712e-06,0,0.0,0.0,0.0,0.0,0.0,0.0
183,0.005003154277801514,-0.0703948438167572,8,34,-0.06539168953895569,-0.0015569449890227545,0.0008,0.0034000000000000002,5.003154277801514e-07,-7.039484381675721e-06,-6.539168953895569e-06,0,0.0,0.0,0.0,0.0,0.0,0.0
184,0.005143791437149048,-0.07313987612724304,7,35,-0.067996084690094,-0.0016189543973831903,0.0007,0.0035,5.143791437149049e-07,-7.313987612724305e-06,-6.7996084690094e-06,0,0.0,0.0,0.0,0.0,0.0,0.0
185,0.004161179065704346,-0.0747203528881073,5,37,-0.07055917382240295,-0.0016799803291048323,0.0005,0.0037,4.161179065704346e-07,-7.472035288810731e-06,-7.055917382240296e-06,0,0.0,0.0,0.0,0.0,0.0,0.0
186,0.0043032169342041016,-0.07036206126213074,4,38,-0.06605884432792664,-0.0015728296268553961,0.0004,0.0038,4.303216934204102e-07,-7.036206126213074e-06,-6.605884432792664e-06,0,0.0,0.0,0.0,0.0,0.0,0.0
187,0.0032997429370880127,-0.06859531998634338,7,35,-0.06529557704925537,-0.0015546565964108421,0.0007,0.0035,3.299742937088013e-07,-6.859531998634339e-06,-6.529557704925538e-06,0,0.0,0.0,0.0,0.0,0.0,0.0
188,0.002679109573364258,-0.06815630197525024,6,36,-0.06547719240188599,-0.0015589807714734758,0.0006000000000000001,0.0036000000000000003,2.679109573364258e-07,-6.815630197525025e-06,-6.547719240188599e-06,0,0.0,0.0,0.0,0.0,0.0,0.0
189,0.0068735480308532715,-0.06407198309898376,10,32,-0.05719843506813049,-0.0013618675016221545,0.001,0.0032,6.873548030853272e-07,-6.407198309898377e-06,-5.71984350681305e-06,0,0.0,0.0,0.0,0.0,0.0,0.0
