raster_name,LoD_m,LoD95_m,n_valid_pixels,perc_area_above_LoD,perc_area_above_LoD95
DoD_1cm_clip_11-10,0.004242641,0.008315576,7938,32.01058201058201,2.8344671201814062
DoD_1cm_clip_13-12,0.005830952,0.011428666,7938,16.981607457797935,0.26455026455026454
DoD_1cm_clip_15-14,0.003605551,0.00706688,7938,45.91836734693878,2.5699168556311416
DoD_1cm_clip_17-16,0.003244245,0.00635872,6736,61.728028503562946,6.042161520190024
DoD_1cm_clip_21-20,0.005830952,0.011428666,7938,98.70244394053917,63.391282438901484
DoD_1cm_clip_23-22,0.003201562,0.006275062,7938,54.358780549256736,40.16124968505921
DoD_1cm_clip_25-24,0.003605551,0.00706688,7938,57.45779793398841,37.60393046107332
DoD_1cm_clip_6fill_align-4_mask_filled,0.001345174,0.002636541,7938,64.81481481481481,37.175610985134796
DoD_1cm_clip_6fill_align-clip_5fill_align,0.003088812,0.006054072,7938,2.0282186948853616,0.08818342151675485
