row_id,sum_pos (m),sum_neg (m),n_pix_pos,n_pix_neg,sum_surf_change (m),mean_surf_change_row (m),area_pos (m2),area_neg (m2),vol_pos_m3,vol_neg_m3,vol_net_m3
1,26.807533502578735,0.0,42,0,26.807533502578735,0.6382746072042556,0.004200000000000001,0.0,0.0026807533502578736,0.0,0.0026807533502578736
2,26.76340413093567,0.0,42,0,26.76340413093567,0.6372239078794207,0.004200000000000001,0.0,0.002676340413093567,0.0,0.002676340413093567
3,26.722854375839233,0.0,42,0,26.722854375839233,0.6362584375199818,0.004200000000000001,0.0,0.0026722854375839235,0.0,0.0026722854375839235
4,26.696865499019623,0.0,42,0,26.696865499019623,0.6356396547385624,0.004200000000000001,0.0,0.0026696865499019626,0.0,0.0026696865499019626
5,26.660441756248474,0.0,42,0,26.660441756248474,0.6347724227678209,0.004200000000000001,0.0,0.0026660441756248474,0.0,0.0026660441756248474
6,26.62359791994095,0.0,42,0,26.62359791994095,0.6338951885700226,0.004200000000000001,0.0,0.002662359791994095,0.0,0.002662359791994095
7,26.555499494075775,0.0,42,0,26.555499494075775,0.6322737974779946,0.004200000000000001,0.0,0.002655549949407578,0.0,0.002655549949407578
8,26.50839799642563,0.0,42,0,26.50839799642563,0.6311523332482293,0.004200000000000001,0.0,0.002650839799642563,0.0,0.002650839799642563
9,26.467622697353363,0.0,42,0,26.467622697353363,0.6301814927941277,0.004200000000000001,0.0,0.0026467622697353365,0.0,0.0026467622697353365
10,26.431796193122864,0.0,42,0,26.431796193122864,0.6293284807886396,0.004200000000000001,0.0,0.0026431796193122866,0.0,0.0026431796193122866
11,26.414754390716553,0.0,42,0,26.414754390716553,0.6289227235884893,0.004200000000000001,0.0,0.0026414754390716552,0.0,0.0026414754390716552
12,26.445150673389435,0.0,42,0,26.445150673389435,0.6296464446045104,0.004200000000000001,0.0,0.0026445150673389435,0.0,0.0026445150673389435
13,26.46285319328308,0.0,42,0,26.46285319328308,0.6300679331734067,0.004200000000000001,0.0,0.002646285319328308,0.0,0.002646285319328308
14,26.44656002521515,0.0,42,0,26.44656002521515,0.6296800006003607,0.004200000000000001,0.0,0.002644656002521515,0.0,0.002644656002521515
15,26.43072408437729,0.0,42,0,26.43072408437729,0.6293029543899354,0.004200000000000001,0.0,0.002643072408437729,0.0,0.002643072408437729
16,26.42360919713974,0.0,42,0,26.42360919713974,0.629133552312851,0.004200000000000001,0.0,0.002642360919713974,0.0,0.002642360919713974
17,26.408773183822632,0.0,42,0,26.408773183822632,0.6287803139005389,0.004200000000000001,0.0,0.0026408773183822635,0.0,0.0026408773183822635
18,26.38052636384964,0.0,42,0,26.38052636384964,0.6281077705678486,0.004200000000000001,0.0,0.002638052636384964,0.0,0.002638052636384964
19,26.351551711559296,0.0,42,0,26.351551711559296,0.6274178978942689,0.004200000000000001,0.0,0.00263515517115593,0.0,0.00263515517115593
20,26.314981043338776,0.0,42,0,26.314981043338776,0.6265471676985422,0.004200000000000001,0.0,0.002631498104333878,0.0,0.002631498104333878
21,26.269424080848694,0.0,42,0,26.269424080848694,0.6254624781154451,0.004200000000000001,0.0,0.0026269424080848694,0.0,0.0026269424080848694
22,26.216348946094513,0.0,42,0,26.216348946094513,0.6241987844308218,0.004200000000000001,0.0,0.0026216348946094515,0.0,0.0026216348946094515
23,26.16013789176941,0.0,42,0,26.16013789176941,0.6228604259945097,0.004200000000000001,0.0,0.002616013789176941,0.0,0.002616013789176941
24,26.138027548789978,0.0,42,0,26.138027548789978,0.6223339892569042,0.004200000000000001,0.0,0.002613802754878998,0.0,0.002613802754878998
25,26.092245519161224,0.0,42,0,26.092245519161224,0.6212439409324101,0.004200000000000001,0.0,0.0026092245519161224,0.0,0.0026092245519161224
26,26.059912860393524,0.0,42,0,26.059912860393524,0.6204741157236553,0.004200000000000001,0.0,0.0026059912860393526,0.0,0.0026059912860393526
27,26.011494040489197,0.0,42,0,26.011494040489197,0.6193212866783142,0.004200000000000001,0.0,0.00260114940404892,0.0,0.00260114940404892
28,25.99122190475464,0.0,42,0,25.99122190475464,0.6188386167798724,0.004200000000000001,0.0,0.002599122190475464,0.0,0.002599122190475464
29,26.000670075416565,0.0,42,0,26.000670075416565,0.6190635732242039,0.004200000000000001,0.0,0.0026000670075416567,0.0,0.0026000670075416567
30,25.982177436351776,0.0,42,0,25.982177436351776,0.6186232722940899,0.004200000000000001,0.0,0.0025982177436351776,0.0,0.0025982177436351776
31,25.924972116947174,0.0,42,0,25.924972116947174,0.6172612408796946,0.004200000000000001,0.0,0.0025924972116947173,0.0,0.0025924972116947173
32,25.901862919330597,0.0,42,0,25.901862919330597,0.6167110218888238,0.004200000000000001,0.0,0.0025901862919330597,0.0,0.0025901862919330597
33,25.872234165668488,0.0,42,0,25.872234165668488,0.6160055753730592,0.004200000000000001,0.0,0.0025872234165668488,0.0,0.0025872234165668488
34,25.807598888874054,0.0,42,0,25.807598888874054,0.614466640211287,0.004200000000000001,0.0,0.0025807598888874057,0.0,0.0025807598888874057
35,25.757870376110077,0.0,42,0,25.757870376110077,0.6132826280026209,0.004200000000000001,0.0,0.002575787037611008,0.0,0.002575787037611008
36,25.7226682305336,0.0,42,0,25.7226682305336,0.6124444816793714,0.004200000000000001,0.0,0.00257226682305336,0.0,0.00257226682305336
37,25.673609733581543,0.0,42,0,25.673609733581543,0.6112764222281319,0.004200000000000001,0.0,0.0025673609733581544,0.0,0.0025673609733581544
38,25.630146324634552,0.0,42,0,25.630146324634552,0.6102415791579655,0.004200000000000001,0.0,0.0025630146324634555,0.0,0.0025630146324634555
39,25.56546801328659,0.0,42,0,25.56546801328659,0.6087016193639665,0.004200000000000001,0.0,0.002556546801328659,0.0,0.002556546801328659
40,25.483085930347443,0.0,42,0,25.483085930347443,0.6067401411987486,0.004200000000000001,0.0,0.0025483085930347446,0.0,0.0025483085930347446
41,25.41420269012451,0.0,42,0,25.41420269012451,0.6051000640505836,0.004200000000000001,0.0,0.002541420269012451,0.0,0.002541420269012451
42,25.36688667535782,0.0,42,0,25.36688667535782,0.6039734922704243,0.004200000000000001,0.0,0.002536688667535782,0.0,0.002536688667535782
43,25.355294287204742,0.0,42,0,25.355294287204742,0.6036974830286843,0.004200000000000001,0.0,0.0025355294287204744,0.0,0.0025355294287204744
44,25.314027905464172,0.0,42,0,25.314027905464172,0.6027149501300993,0.004200000000000001,0.0,0.0025314027905464173,0.0,0.0025314027905464173
45,25.249797344207764,0.0,42,0,25.249797344207764,0.6011856510525658,0.004200000000000001,0.0,0.0025249797344207765,0.0,0.0025249797344207765
46,25.196474254131317,0.0,42,0,25.196474254131317,0.5999160536697933,0.004200000000000001,0.0,0.0025196474254131317,0.0,0.0025196474254131317
47,25.14660781621933,0.0,42,0,25.14660781621933,0.5987287575290317,0.004200000000000001,0.0,0.002514660781621933,0.0,0.002514660781621933
48,25.110542833805084,0.0,42,0,25.110542833805084,0.5978700674715496,0.004200000000000001,0.0,0.0025110542833805087,0.0,0.0025110542833805087
49,25.07561981678009,0.0,42,0,25.07561981678009,0.5970385670661926,0.004200000000000001,0.0,0.002507561981678009,0.0,0.002507561981678009
50,25.034382104873657,0.0,42,0,25.034382104873657,0.5960567167827061,0.004200000000000001,0.0,0.002503438210487366,0.0,0.002503438210487366
51,24.986121833324432,0.0,42,0,24.986121833324432,0.5949076626982007,0.004200000000000001,0.0,0.0024986121833324433,0.0,0.0024986121833324433
52,24.941282331943512,0.0,42,0,24.941282331943512,0.5938400555224645,0.004200000000000001,0.0,0.0024941282331943514,0.0,0.0024941282331943514
53,24.90864998102188,0.0,42,0,24.90864998102188,0.5930630947862353,0.004200000000000001,0.0,0.0024908649981021883,0.0,0.0024908649981021883
54,24.857645332813263,0.0,42,0,24.857645332813263,0.5918486984003157,0.004200000000000001,0.0,0.0024857645332813263,0.0,0.0024857645332813263
55,24.800495505332947,0.0,42,0,24.800495505332947,0.590487988222213,0.004200000000000001,0.0,0.002480049550533295,0.0,0.002480049550533295
56,24.748949348926544,0.0,42,0,24.748949348926544,0.5892606987839654,0.004200000000000001,0.0,0.0024748949348926547,0.0,0.0024748949348926547
57,24.68927776813507,0.0,42,0,24.68927776813507,0.5878399468603588,0.004200000000000001,0.0,0.0024689277768135073,0.0,0.0024689277768135073
58,24.64796257019043,0.0,42,0,24.64796257019043,0.5868562516712007,0.004200000000000001,0.0,0.002464796257019043,0.0,0.002464796257019043
59,24.597928643226624,0.0,42,0,24.597928643226624,0.585664967695872,0.004200000000000001,0.0,0.0024597928643226626,0.0,0.0024597928643226626
60,24.528239846229553,0.0,42,0,24.528239846229553,0.5840057106245131,0.004200000000000001,0.0,0.0024528239846229555,0.0,0.0024528239846229555
61,24.5002618432045,0.0,42,0,24.5002618432045,0.5833395676953452,0.004200000000000001,0.0,0.00245002618432045,0.0,0.00245002618432045
62,24.46654212474823,0.0,42,0,24.46654212474823,0.5825367172559103,0.004200000000000001,0.0,0.0024466542124748233,0.0,0.0024466542124748233
63,24.406098127365112,0.0,42,0,24.406098127365112,0.5810975744610741,0.004200000000000001,0.0,0.002440609812736511,0.0,0.002440609812736511
64,24.328993260860443,0.0,42,0,24.328993260860443,0.579261744306201,0.004200000000000001,0.0,0.0024328993260860445,0.0,0.0024328993260860445
65,24.275821685791016,0.0,42,0,24.275821685791016,0.5779957544235956,0.004200000000000001,0.0,0.002427582168579102,0.0,0.002427582168579102
66,24.215454697608948,0.0,42,0,24.215454697608948,0.5765584451811654,0.004200000000000001,0.0,0.002421545469760895,0.0,0.002421545469760895
67,24.18210917711258,0.0,42,0,24.18210917711258,0.5757645042169661,0.004200000000000001,0.0,0.002418210917711258,0.0,0.002418210917711258
68,24.140071392059326,0.0,42,0,24.140071392059326,0.5747636045728411,0.004200000000000001,0.0,0.002414007139205933,0.0,0.002414007139205933
69,24.079475224018097,0.0,42,0,24.079475224018097,0.5733208386670976,0.004200000000000001,0.0,0.00240794752240181,0.0,0.00240794752240181
70,24.04908984899521,0.0,42,0,24.04908984899521,0.5725973773570288,0.004200000000000001,0.0,0.002404908984899521,0.0,0.002404908984899521
71,24.00590592622757,0.0,42,0,24.00590592622757,0.5715691887197041,0.004200000000000001,0.0,0.002400590592622757,0.0,0.002400590592622757
72,23.958330512046814,0.0,42,0,23.958330512046814,0.5704364407630194,0.004200000000000001,0.0,0.0023958330512046815,0.0,0.0023958330512046815
73,23.916071712970734,0.0,42,0,23.916071712970734,0.5694302788802555,0.004200000000000001,0.0,0.0023916071712970733,0.0,0.0023916071712970733
74,23.865733087062836,0.0,42,0,23.865733087062836,0.5682317401681628,0.004200000000000001,0.0,0.0023865733087062835,0.0,0.0023865733087062835
75,23.83359009027481,0.0,42,0,23.83359009027481,0.5674664307208288,0.004200000000000001,0.0,0.0023833590090274813,0.0,0.0023833590090274813
76,23.786545991897583,0.0,42,0,23.786545991897583,0.5663463331404186,0.004200000000000001,0.0,0.0023786545991897586,0.0,0.0023786545991897586
77,23.78762859106064,0.0,42,0,23.78762859106064,0.5663721093109676,0.004200000000000001,0.0,0.002378762859106064,0.0,0.002378762859106064
78,23.791705906391144,0.0,42,0,23.791705906391144,0.5664691882474082,0.004200000000000001,0.0,0.0023791705906391143,0.0,0.0023791705906391143
79,23.750673472881317,0.0,42,0,23.750673472881317,0.5654922255447933,0.004200000000000001,0.0,0.0023750673472881316,0.0,0.0023750673472881316
80,23.735437214374542,0.0,42,0,23.735437214374542,0.5651294574851081,0.004200000000000001,0.0,0.002373543721437454,0.0,0.002373543721437454
81,23.740369081497192,0.0,42,0,23.740369081497192,0.5652468828927903,0.004200000000000001,0.0,0.0023740369081497194,0.0,0.0023740369081497194
82,23.698881685733795,0.0,42,0,23.698881685733795,0.5642590877555665,0.004200000000000001,0.0,0.0023698881685733798,0.0,0.0023698881685733798
83,23.66705286502838,0.0,42,0,23.66705286502838,0.563501258691152,0.004200000000000001,0.0,0.002366705286502838,0.0,0.002366705286502838
84,23.64228618144989,0.0,42,0,23.64228618144989,0.5629115757488069,0.004200000000000001,0.0,0.002364228618144989,0.0,0.002364228618144989
85,23.61575323343277,0.0,42,0,23.61575323343277,0.5622798388912564,0.004200000000000001,0.0,0.002361575323343277,0.0,0.002361575323343277
86,23.58617877960205,0.0,42,0,23.58617877960205,0.5615756852286202,0.004200000000000001,0.0,0.0023586178779602053,0.0,0.0023586178779602053
87,23.55555832386017,0.0,42,0,23.55555832386017,0.5608466267585754,0.004200000000000001,0.0,0.002355555832386017,0.0,0.002355555832386017
88,23.519099950790405,0.0,42,0,23.519099950790405,0.5599785702569144,0.004200000000000001,0.0,0.0023519099950790406,0.0,0.0023519099950790406
89,23.47382652759552,0.0,42,0,23.47382652759552,0.5589006316094172,0.004200000000000001,0.0,0.002347382652759552,0.0,0.002347382652759552
90,23.417505204677582,0.0,42,0,23.417505204677582,0.5575596477304187,0.004200000000000001,0.0,0.0023417505204677584,0.0,0.0023417505204677584
91,23.382113873958588,0.0,42,0,23.382113873958588,0.556716996999014,0.004200000000000001,0.0,0.002338211387395859,0.0,0.002338211387395859
92,23.366391241550446,0.0,42,0,23.366391241550446,0.5563426486083439,0.004200000000000001,0.0,0.0023366391241550445,0.0,0.0023366391241550445
93,23.32377588748932,0.0,42,0,23.32377588748932,0.5553279973211742,0.004200000000000001,0.0,0.002332377588748932,0.0,0.002332377588748932
94,23.306448101997375,0.0,42,0,23.306448101997375,0.5549154309999376,0.004200000000000001,0.0,0.002330644810199738,0.0,0.002330644810199738
95,23.258448660373688,0.0,42,0,23.258448660373688,0.5537725871517545,0.004200000000000001,0.0,0.002325844866037369,0.0,0.002325844866037369
96,23.197078585624695,0.0,42,0,23.197078585624695,0.552311394895826,0.004200000000000001,0.0,0.0023197078585624697,0.0,0.0023197078585624697
97,23.15383630990982,0.0,42,0,23.15383630990982,0.5512818169026148,0.004200000000000001,0.0,0.002315383630990982,0.0,0.002315383630990982
98,23.06680476665497,0.0,42,0,23.06680476665497,0.5492096373013088,0.004200000000000001,0.0,0.0023066804766654968,0.0,0.0023066804766654968
99,23.009803235530853,0.0,42,0,23.009803235530853,0.5478524579888299,0.004200000000000001,0.0,0.0023009803235530856,0.0,0.0023009803235530856
100,22.959976851940155,0.0,42,0,22.959976851940155,0.5466661155223846,0.004200000000000001,0.0,0.002295997685194016,0.0,0.002295997685194016
101,22.820219695568085,0.0,42,0,22.820219695568085,0.5433385641801924,0.004200000000000001,0.0,0.0022820219695568085,0.0,0.0022820219695568085
102,22.7079576253891,0.0,42,0,22.7079576253891,0.5406656577473595,0.004200000000000001,0.0,0.00227079576253891,0.0,0.00227079576253891
103,22.655627250671387,0.0,42,0,22.655627250671387,0.5394196964445568,0.004200000000000001,0.0,0.0022655627250671388,0.0,0.0022655627250671388
104,22.60302484035492,0.0,42,0,22.60302484035492,0.5381672581036886,0.004200000000000001,0.0,0.002260302484035492,0.0,0.002260302484035492
105,22.548705220222473,0.0,42,0,22.548705220222473,0.5368739338148207,0.004200000000000001,0.0,0.0022548705220222474,0.0,0.0022548705220222474
106,22.490906298160553,0.0,42,0,22.490906298160553,0.5354977690038227,0.004200000000000001,0.0,0.0022490906298160552,0.0,0.0022490906298160552
107,22.439412772655487,0.0,42,0,22.439412772655487,0.5342717326822735,0.004200000000000001,0.0,0.002243941277265549,0.0,0.002243941277265549
108,22.38765960931778,0.0,42,0,22.38765960931778,0.5330395145075661,0.004200000000000001,0.0,0.002238765960931778,0.0,0.002238765960931778
109,22.356889069080353,0.0,42,0,22.356889069080353,0.5323068825971513,0.004200000000000001,0.0,0.002235688906908035,0.0,0.002235688906908035
110,22.328397691249847,0.0,42,0,22.328397691249847,0.5316285164583296,0.004200000000000001,0.0,0.002232839769124985,0.0,0.002232839769124985
111,22.272023916244507,0.0,42,0,22.272023916244507,0.5302862837201073,0.004200000000000001,0.0,0.002227202391624451,0.0,0.002227202391624451
112,22.228046238422394,0.0,42,0,22.228046238422394,0.5292391961529141,0.004200000000000001,0.0,0.0022228046238422397,0.0,0.0022228046238422397
113,22.163159430027008,0.0,42,0,22.163159430027008,0.5276942721435002,0.004200000000000001,0.0,0.002216315943002701,0.0,0.002216315943002701
114,22.130833625793457,0.0,42,0,22.130833625793457,0.5269246101379395,0.004200000000000001,0.0,0.0022130833625793457,0.0,0.0022130833625793457
115,22.124406278133392,0.0,42,0,22.124406278133392,0.5267715780507951,0.004200000000000001,0.0,0.0022124406278133395,0.0,0.0022124406278133395
116,22.10558569431305,0.0,42,0,22.10558569431305,0.5263234689122155,0.004200000000000001,0.0,0.002210558569431305,0.0,0.002210558569431305
117,22.060767590999603,0.0,42,0,22.060767590999603,0.5252563712142763,0.004200000000000001,0.0,0.0022060767590999604,0.0,0.0022060767590999604
118,22.006612062454224,0.0,42,0,22.006612062454224,0.5239669538679577,0.004200000000000001,0.0,0.0022006612062454227,0.0,0.0022006612062454227
119,21.9470517039299,0.0,42,0,21.9470517039299,0.5225488500935691,0.004200000000000001,0.0,0.00219470517039299,0.0,0.00219470517039299
120,21.89874130487442,0.0,42,0,21.89874130487442,0.52139860249701,0.004200000000000001,0.0,0.002189874130487442,0.0,0.002189874130487442
121,21.842196941375732,0.0,42,0,21.842196941375732,0.5200523081279936,0.004200000000000001,0.0,0.002184219694137573,0.0,0.002184219694137573
122,21.76082557439804,0.0,42,0,21.76082557439804,0.5181148946285248,0.004200000000000001,0.0,0.002176082557439804,0.0,0.002176082557439804
123,21.679766595363617,0.0,42,0,21.679766595363617,0.516184918937229,0.004200000000000001,0.0,0.002167976659536362,0.0,0.002167976659536362
124,21.60659909248352,0.0,42,0,21.60659909248352,0.5144428355353219,0.004200000000000001,0.0,0.002160659909248352,0.0,0.002160659909248352
125,21.536616683006287,0.0,42,0,21.536616683006287,0.5127765876906258,0.004200000000000001,0.0,0.0021536616683006287,0.0,0.0021536616683006287
126,21.488744139671326,0.0,42,0,21.488744139671326,0.5116367652302697,0.004200000000000001,0.0,0.0021488744139671325,0.0,0.0021488744139671325
127,21.433387458324432,0.0,42,0,21.433387458324432,0.5103187490077246,0.004200000000000001,0.0,0.0021433387458324434,0.0,0.0021433387458324434
128,21.394333004951477,0.0,42,0,21.394333004951477,0.5093888810702732,0.004200000000000001,0.0,0.002139433300495148,0.0,0.002139433300495148
129,21.3839573264122,0.0,42,0,21.3839573264122,0.5091418411050525,0.004200000000000001,0.0,0.0021383957326412202,0.0,0.0021383957326412202
130,21.356916427612305,0.0,42,0,21.356916427612305,0.5084980101812453,0.004200000000000001,0.0,0.0021356916427612304,0.0,0.0021356916427612304
131,21.329477787017822,0.0,42,0,21.329477787017822,0.50784470921471,0.004200000000000001,0.0,0.0021329477787017824,0.0,0.0021329477787017824
132,21.248099207878113,0.0,42,0,21.248099207878113,0.5059071239970979,0.004200000000000001,0.0,0.0021248099207878115,0.0,0.0021248099207878115
133,21.214398503303528,0.0,42,0,21.214398503303528,0.5051047262691316,0.004200000000000001,0.0,0.0021214398503303527,0.0,0.0021214398503303527
134,21.17402347922325,0.0,42,0,21.17402347922325,0.5041434161719822,0.004200000000000001,0.0,0.002117402347922325,0.0,0.002117402347922325
135,21.111734241247177,0.0,42,0,21.111734241247177,0.5026603390773138,0.004200000000000001,0.0,0.002111173424124718,0.0,0.002111173424124718
136,21.082681715488434,0.0,42,0,21.082681715488434,0.5019686122735342,0.004200000000000001,0.0,0.0021082681715488437,0.0,0.0021082681715488437
137,21.050923347473145,0.0,42,0,21.050923347473145,0.5012124606541225,0.004200000000000001,0.0,0.0021050923347473148,0.0,0.0021050923347473148
138,21.04092112183571,0.0,42,0,21.04092112183571,0.5009743124246597,0.004200000000000001,0.0,0.002104092112183571,0.0,0.002104092112183571
139,21.01402121782303,0.0,42,0,21.01402121782303,0.5003338385195959,0.004200000000000001,0.0,0.002101402121782303,0.0,0.002101402121782303
140,20.957831650972366,0.0,42,0,20.957831650972366,0.49899599168981823,0.004200000000000001,0.0,0.0020957831650972366,0.0,0.0020957831650972366
141,20.88375747203827,0.0,42,0,20.88375747203827,0.4972323207628159,0.004200000000000001,0.0,0.002088375747203827,0.0,0.002088375747203827
142,20.825802743434906,0.0,42,0,20.825802743434906,0.49585244627225966,0.004200000000000001,0.0,0.0020825802743434907,0.0,0.0020825802743434907
143,20.78792318701744,0.0,42,0,20.78792318701744,0.49495055207184385,0.004200000000000001,0.0,0.002078792318701744,0.0,0.002078792318701744
144,20.754040896892548,0.0,42,0,20.754040896892548,0.494143830878394,0.004200000000000001,0.0,0.002075404089689255,0.0,0.002075404089689255
145,20.7230926156044,0.0,42,0,20.7230926156044,0.49340696703820003,0.004200000000000001,0.0,0.00207230926156044,0.0,0.00207230926156044
146,20.67721763253212,0.0,42,0,20.67721763253212,0.49231470553647905,0.004200000000000001,0.0,0.002067721763253212,0.0,0.002067721763253212
147,20.630409240722656,0.0,42,0,20.630409240722656,0.4912002200172061,0.004200000000000001,0.0,0.0020630409240722657,0.0,0.0020630409240722657
148,20.584743946790695,0.0,42,0,20.584743946790695,0.49011295111406417,0.004200000000000001,0.0,0.0020584743946790696,0.0,0.0020584743946790696
149,20.55275869369507,0.0,42,0,20.55275869369507,0.4893513974689302,0.004200000000000001,0.0,0.002055275869369507,0.0,0.002055275869369507
150,20.518738359212875,0.0,42,0,20.518738359212875,0.4885413895050685,0.004200000000000001,0.0,0.0020518738359212875,0.0,0.0020518738359212875
151,20.466225653886795,0.0,42,0,20.466225653886795,0.48729108699730467,0.004200000000000001,0.0,0.0020466225653886796,0.0,0.0020466225653886796
152,20.419868767261505,0.0,42,0,20.419868767261505,0.4861873516014644,0.004200000000000001,0.0,0.0020419868767261504,0.0,0.0020419868767261504
153,20.359139174222946,0.0,42,0,20.359139174222946,0.48474140891007017,0.004200000000000001,0.0,0.0020359139174222947,0.0,0.0020359139174222947
154,20.305035173892975,0.0,42,0,20.305035173892975,0.48345321842602323,0.004200000000000001,0.0,0.0020305035173892975,0.0,0.0020305035173892975
155,20.255397498607635,0.0,42,0,20.255397498607635,0.4822713690144675,0.004200000000000001,0.0,0.0020255397498607636,0.0,0.0020255397498607636
156,20.192196875810623,0.0,42,0,20.192196875810623,0.48076659228120533,0.004200000000000001,0.0,0.0020192196875810624,0.0,0.0020192196875810624
157,20.143285244703293,0.0,42,0,20.143285244703293,0.4796020296357927,0.004200000000000001,0.0,0.0020143285244703293,0.0,0.0020143285244703293
158,20.09683546423912,0.0,42,0,20.09683546423912,0.4784960824818838,0.004200000000000001,0.0,0.002009683546423912,0.0,0.002009683546423912
159,20.068406015634537,0.0,42,0,20.068406015634537,0.4778191908484414,0.004200000000000001,0.0,0.0020068406015634538,0.0,0.0020068406015634538
160,20.039129853248596,0.0,42,0,20.039129853248596,0.4771221393630618,0.004200000000000001,0.0,0.0020039129853248595,0.0,0.0020039129853248595
161,19.992819666862488,0.0,42,0,19.992819666862488,0.47601951587767827,0.004200000000000001,0.0,0.0019992819666862487,0.0,0.0019992819666862487
162,19.912753462791443,0.0,42,0,19.912753462791443,0.47411317768551053,0.004200000000000001,0.0,0.0019912753462791445,0.0,0.0019912753462791445
163,19.84583604335785,0.0,42,0,19.84583604335785,0.47251990579423453,0.004200000000000001,0.0,0.001984583604335785,0.0,0.001984583604335785
164,19.811731576919556,0.0,42,0,19.811731576919556,0.47170789468856084,0.004200000000000001,0.0,0.0019811731576919555,0.0,0.0019811731576919555
165,19.76377722620964,0.0,42,0,19.76377722620964,0.4705661244335629,0.004200000000000001,0.0,0.001976377722620964,0.0,0.001976377722620964
166,19.753972589969635,0.0,42,0,19.753972589969635,0.4703326807135627,0.004200000000000001,0.0,0.0019753972589969635,0.0,0.0019753972589969635
167,19.716588884592056,0.0,42,0,19.716588884592056,0.4694425924902871,0.004200000000000001,0.0,0.0019716588884592058,0.0,0.0019716588884592058
168,19.661440759897232,0.0,42,0,19.661440759897232,0.46812954190231504,0.004200000000000001,0.0,0.001966144075989723,0.0,0.001966144075989723
169,19.61053892970085,0.0,42,0,19.61053892970085,0.466917593564306,0.004200000000000001,0.0,0.0019610538929700854,0.0,0.0019610538929700854
170,19.580111116170883,0.0,42,0,19.580111116170883,0.46619312181359246,0.004200000000000001,0.0,0.0019580111116170884,0.0,0.0019580111116170884
171,19.57208052277565,0.0,42,0,19.57208052277565,0.46600191720894407,0.004200000000000001,0.0,0.0019572080522775653,0.0,0.0019572080522775653
172,19.530961394309998,0.0,42,0,19.530961394309998,0.4650228903407142,0.004200000000000001,0.0,0.0019530961394309998,0.0,0.0019530961394309998
173,19.478896379470825,0.0,42,0,19.478896379470825,0.46378324713025776,0.004200000000000001,0.0,0.0019478896379470827,0.0,0.0019478896379470827
174,19.42349448800087,0.0,42,0,19.42349448800087,0.4624641544762112,0.004200000000000001,0.0,0.001942349448800087,0.0,0.001942349448800087
175,19.38240322470665,0.0,42,0,19.38240322470665,0.46148579106444404,0.004200000000000001,0.0,0.0019382403224706651,0.0,0.0019382403224706651
176,19.3782320022583,0.0,42,0,19.3782320022583,0.4613864762442453,0.004200000000000001,0.0,0.0019378232002258302,0.0,0.0019378232002258302
177,19.34584555029869,0.0,42,0,19.34584555029869,0.46061537024520693,0.004200000000000001,0.0,0.0019345845550298691,0.0,0.0019345845550298691
178,19.295779317617416,0.0,42,0,19.295779317617416,0.45942331708612894,0.004200000000000001,0.0,0.0019295779317617418,0.0,0.0019295779317617418
179,19.257219076156616,0.0,42,0,19.257219076156616,0.45850521609896705,0.004200000000000001,0.0,0.0019257219076156617,0.0,0.0019257219076156617
180,19.238580346107483,0.0,42,0,19.238580346107483,0.45806143681208294,0.004200000000000001,0.0,0.0019238580346107484,0.0,0.0019238580346107484
181,19.227536141872406,0.0,42,0,19.227536141872406,0.4577984795683906,0.004200000000000001,0.0,0.0019227536141872407,0.0,0.0019227536141872407
182,19.249335825443268,0.0,42,0,19.249335825443268,0.45831751965341117,0.004200000000000001,0.0,0.0019249335825443268,0.0,0.0019249335825443268
183,19.262922793626785,0.0,42,0,19.262922793626785,0.45864101889587583,0.004200000000000001,0.0,0.0019262922793626786,0.0,0.0019262922793626786
184,19.255645155906677,0.0,42,0,19.255645155906677,0.4584677418073018,0.004200000000000001,0.0,0.0019255645155906679,0.0,0.0019255645155906679
185,19.244051665067673,0.0,42,0,19.244051665067673,0.45819170631113504,0.004200000000000001,0.0,0.0019244051665067673,0.0,0.0019244051665067673
186,19.2584268450737,0.0,42,0,19.2584268450737,0.45853397250175476,0.004200000000000001,0.0,0.0019258426845073701,0.0,0.0019258426845073701
187,19.277440696954727,0.0,42,0,19.277440696954727,0.4589866832608268,0.004200000000000001,0.0,0.0019277440696954728,0.0,0.0019277440696954728
188,19.30954396724701,0.0,42,0,19.30954396724701,0.4597510468392145,0.004200000000000001,0.0,0.001930954396724701,0.0,0.001930954396724701
189,19.3439744412899,0.0,42,0,19.3439744412899,0.4605708200307119,0.004200000000000001,0.0,0.0019343974441289903,0.0,0.0019343974441289903
